id,comment,1,2,3,4,5,6,7,8,9,10,11,12,13,14,15,16,17,18,19,20,21,22,23,24,25,26,27,28,29,30,31,32,33,34,35,36,37,38,39,40,41,42,43,44,45,46,47,48,49,50,51,52,53,54,55,56,57,58,59,60,61,62,63,64,65,66,67,68,69,70,71,72,73,74,75,76,77,78,79,80,81,82,83,84,85,86,87,
05zds,,katze,meerschweinchen,hund,affe,nilpferd,elefant,godzilla,tiger,loewe,gepard,krokodil,echse,ameise,papagei,vogel,moewe,walross,wal,delfin,muschel,schwertfisch,hund,maus,ziege,schaf,hirtenhund,kuh,murmeltier,wolf,baer,braunbaer,schwarzbaer,amsel,meise,drossel,fink,star,labrador,ratte,kellerassel,schmetterling,specht,pavian,gorilla,luchs,fischkatze,dromedar,kamel,lama,huehner,hahn,schwein,gazelle,wasserbueffel,otter,wiesel,frettchen,hase,kaninchen,goldfisch,chinchilla,pinguin,eisbaer,ente,gans,,,,,,,,,,,,,,,,,,,,,,,
07wj6,,hund,katze,kuh,ross,huhn,gaense,elefanten,nashorn,tiger,loewe,schlange,kaefer,pinguin,fisch,krebs,schlange,seehund,papagei,kanarienvogel,wellensittich,spatz,amsel,drossel,fink,star,maus,ratte,regenwurm,schnecke,baer,eisbaer,braunbaer,kamel,ross,pony,nashorn,elefant,flamingo,storch,seeschlange,tintenfisch,goldfisch,bueffel,giraffe,,,,,,,,,,,,,,,,,,,,,,,,,,,,,,,,,,,,,,,,,,,,
0i8rx,,hund,katze,kuh,pferd,esel,igel,schnecke,eichhoernchen,reh,luchs,dachs,tiger,loewe,hyaene,leopard,gepard,haifisch,walfisch,tintenfisch,skorpion,schlange,vogel,erdmaennchen,elefant,giraffe,nashorn,krokodil,flusspferd,antilope,kamel,giraffe,hase,hund,blindschleiche,maus,ratte,tintenfisch,muecke,kolibri,vogel strauss,ente,emu,eisbaer,braunbaer,schwarzbaer,lachs,forelle,stoer,spinne,moewe,qualle,wespe,biene,fliege,,,,,,,,,,,,,,,,,,,,,,,,,,,,,,,,,,
0oss0,,hund,katze,pferd,kuh,esel,dromedar,kamel,schlange,vogel,tiger,loewe,hyaene,fuchs,dachs,wiesel,eichhoernchen,marder,fisch,wal,hai,delfin,orka,schwertwal,hammerhai,forelle,bakterie,wurm,fliege,hummel,biene,wespe,eisbaer,wolf,mammut,pinguin,orangutan,schimpanse,affe,krokodil,schnecke,qualle,moewe,hecht,forelle,schwalbe,spatz,fink,star,,,,,,,,,,,,,,,,,,,,,,,,,,,,,,,,,,,,,,,,
0wpbe,,krabbe,schnecke,wal,fisch,vogel,amsel,drossel,fink ,star,kuh,schwein,pferd,maus,ratte,laus,esel,elefant,giraffe,delfin,forelle,lachs,zander,seibling,wuestenmaus,schlange,kobra,wuergeschlange,anakonda,bakterien,hase,esel,ziege,schaf,hund,katze,maus,igel,maulwurf,spinne,schnake,fliege,wurm,regenwurm,bandwurm,grille,nashorn,ruesselbaer,nasenbaer,beutelratte,kaenguru,zebra,gnu,antilope,braunbaer,grizzly,schwein,meerschweinchen,zwerghase,kaninchen,kolibri,nachtigall,goldfisch,eichhoernchen,fledermaus,flughund,gorilla,schimpanse,beutelratte,nilpferd,elefant,kuh,stier,reh,hirsch,fuchs,dachs,luchs,schimpanse,rhesusaffe,,,,,,,,,
0y2xh,,wildtiere,waldtiere,hasen,katzen,hunde,pferde,affen,primaten,gorillas,orangutans,elefanten,ziegen,geissen,kuehe,hamster,zwerghamster,ratten,maeuse,voegel,papageien,nymphensittiche,wellensittiche,kanarienvogel,milan,raben,fuchs,wolf,rehe,hirsche,schlangen,echsen,geckos,eidechsen,leguane,kamele,dromedare,esel,yaks,gnus,zebus,koala,wombats,wuestenmaeuse,frettchen,nerze,nutria,dogge,schaeferhund,wolfshund,pudel,,,,,,,,,,,,,,,,,,,,,,,,,,,,,,,,,,,,,,
18dlb,,fuchs,hase,hund,katze,tiger,loewe,zebra,walross,eisbaer,braunbaer,affe,pferd,esel,kaninchen,schwein,kuh,ochse,schmetterling,ameise,raupe,vogel,eichhoernchen,meerschweinchen,fische,wal ,delfin,schildkroete,schlange,wildschwein,hirsch,reh,nashorn,kaenguru,biber,dachs,,,,,,,,,,,,,,,,,,,,,,,,,,,,,,,,,,,,,,,,,,,,,,,,,,,,,
1codz,,katzen,hunde,kamele,chamaeleons,nilpferde ,nashoerner,antilopen,robben,fische,haie,wale,vogelarten,raubtiere,loewen,panther,elefanten,luchse,fuechse,woelfe,adler,insekt,schmetterlinge,kaefer,quallen,zebras,panther,nashoerner,orangutans,schimpansen,tiger,,,,,,,,,,,,,,,,,,,,,,,,,,,,,,,,,,,,,,,,,,,,,,,,,,,,,,,,,,
1eagv,,saeugetiere,wirbeltiere,schnecken,giraffen,esel,pferd,affe,hund,katze,lebewesen,wale,delfin,walross,ameise,insekt,vogel,greifvogel,adler,seeadler,wildkatze,loewe,leopard,gepard,menschen,amphibien,reptilien,frosch,kroete,leguan,biologie,dinosaurier,termiten,wanzen,muecken,stechmuecken,moskito,schlangen,geckos,echsen,schmarotzer,bandwurm,spinne,kreuzspinne,vogelspinne,hai,hammerhai,hauskatze,gorilla,orangutan,schimpanse,bonobo,bakterien,bussard,rotkehlchen,qualle,fisch,krokodil,alligator,schnecke,weinbergschnecke,nacktschnecke,kaefer,,,,,,,,,,,,,,,,,,,,,,,,,,
1x78r,,katzen,hunde,pferde,kuehe,schweine,enten,gaense,schnecken,maeuse,ratten,voegel,luchs,baer,wolf,puma,tiger,loewe,strauss,pfau,kaenguru,iltis,voegel,seeloewe,eisbaeren,robben,fische,wal,hai,delfine,pinguine,huftiere,,,,,,,,,,,,,,,,,,,,,,,,,,,,,,,,,,,,,,,,,,,,,,,,,,,,,,,,,
1ycc1,,elefant,loewe,esel,pferd,hahn,katze ,maus,tiger,tapir,schlange,schnecke,adler,kondor,wiesel,marder,fuchs,reh,hirsch,huhn,ente,gans,kaninchen,giraffe,lama,alpaka,marienkaeferchen,biene,tausendfuessler,schnecke,regenwurm,hund,wolf,baer,hirsch,luchs,loewe,gepard,kamel,alpaka,reiher,milan,storch,frosch,nilpferd,guerteltier,9999,natter,leguan,wal,forelle,schmetterling,hyaene,wasserbueffel,krokodil,kiwi,strauss,rabe,amsel,steinbock,gemse,kolibri,vogelspinne,ameise,,,,,,,,,,,,,,,,,,,,,,,,,
1zi3s,,affe,baer,elefant,hund,katze,hase,ameise,biene,hummel,waschbaer,fliege,muecke,ross,kuh,sau,kalb,giraffe,loewe,tiger,schlange,eidechse,maulwurf,maus,hamster,meersau,schildkroete,fisch,wal,delfin,seehund,eisbaer,koala,kaenguru,kuh,regenwurm,wuehlmaus,giraffe,seehund,viper,kreuzotter,natter,eidechse,frosch,storch,lerche,amsel,meise,rabe,kraehe,elster,pfau,grille,schabe,schildkroete,stechmuecke,tsetsefliege,maus,spitzmaus,igel,marder,nerz,chinchilla,hamster,,,,,,,,,,,,,,,,,,,,,,,,,
1zkii,,vogel,maus,katze,baer,fuchs,dachs,marder,elefant,giraffe,waschbaer,ratte,hase,feldhase,baer,adler,falke,rabe,specht,storch,wurm,ameise,insekt,leopard,giraffe,walross,nilpferd,hund,labrador,deutscher schaeferhund,deutsche dogge,golden retriever,pferde,schimmel,fisch,walfisch,delfin,mammifère,goldfisch,haifisch,nemofisch,,,,,,,,,,,,,,,,,,,,,,,,,,,,,,,,,,,,,,,,,,,,,,,,
28aqw,,esel,nilpferd,zwergflusspferd,brillenbaer,malaysia baer,orangutan,gorilla,bonobo,schimpanse,nutria,bisamratte,elefant,panzernashorn,breitmaulnashorn,spitzmaulnashorn,leopard,gepard,loewe,ziege,schaf,sau,hund,katze,ratte,maus,mara,capybara,giraffe,zebra,pfau,stieglitz,star,spatz,biene,waschbaer,hummel,maulwurf,regenwurm,rotwurm,meise,kolibri,schlange,krokodil,zwergmanguste,meerschwein,kaninchen,hase,schneeleopard,mufflon,klippschliefer,erdmaennchen,flamingo,lisztaffe,fisch,muntjak,zwergotter,fischotter,okapi,zwergzebu,zwerggeiss,storch,,,,,,,,,,,,,,,,,,,,,,,,,,,
2bwmd,,loewe,schildkroete,schlange,ratte,katze,kuh,giraffe,krokodil,alligator,moewe,igel,hund,katze,frettchen,wildschwein,schwein,baer,frosch,wurm,geier,kamel,elefant,zebra,nilpferd,lamm,schaf,hamster,papagei,tiger,puma,,,,,,,,,,,,,,,,,,,,,,,,,,,,,,,,,,,,,,,,,,,,,,,,,,,,,,,,,,
2nmr6,,hund,katze,maus,ratte,wal,delfin,hai,qualle,tintenfisch,kugelfisch,clownfisch,loewe,tiger,elefant,gnu,leopard,gepard,tapir,hyaene,antilope,giraffe,ameise,spinne,tausendfuessler,kellerassel,marder,wolf,hamster,meerschweinchen,frettchen,adler,reiher,bussard,kanarienvogel,papagei,pelikan,schnabeltier,eisvogel,seepferdchen,schwein,kuh,pferd,huhn,pute,kaninchen,hase,nerz,polarfuchs,eisbaer,braunbaer,schwarzbaer,grizzlybaer,springmaus,erdmaennchen,eichhoernchen,orka,steinbock,flamingo,stachelschwein,,,,,,,,,,,,,,,,,,,,,,,,,,,,,
2pfiy,,hund,katze,maus,giraffe,krokodil,ratte,schaf,ziege,schlange,spinne,raupe,schmetterling,vogel,strauss,biene,wespe,affe,gorilla,totenkopfaeffchen,qualle,rochen,hai,seeigel,seepferdchen,seealgen,seestern,aale,tiger,loewe,leopard,nilpferd,kuh,schwein,pferd,lamm,huhn,gans,ente,lachs,kaenguru,beuteltier,floehe,fledermaus,eule,gazelle,elefant,,,,,,,,,,,,,,,,,,,,,,,,,,,,,,,,,,,,,,,,,,
2rgd0,,hund,katze,maus,kuh,antilope,tiger,erdmaennchen,kakerlake,vogel,hyaene,meerschweinchen,schwein,huhn,kueken,marder,rennmaus,schlange,frosch,stinktier,aal,raupe,wurm,marienkaefer,stier,elch,hirsch,kohlmeise,amsel,rabe,taube,maulwurf,stachelschwein,nacktmull,gnu,kormoran,pfau,minipig,pandabaeren,koalas,kaengurus,eisbaeren,pinguine,seerobben,fische,geissbock,ziege,,,,,,,,,,,,,,,,,,,,,,,,,,,,,,,,,,,,,,,,,,
2vszu,,maus,wurm,pferd,vogel,pelikan,affe,giraffe,loewe,tiger,panther,huhn,hase,fuchs,wolf,baer,hirsch,elch,gazelle,schlange,gibbon,fisch,walfisch,haifisch,hecht,forelle,krebs,hummer,muschel,wuermer,adler,moewe,albatross,ente,schwan,flamingo,kranich,kleiber,uhu,zaunkoenig,kamel,dromedar,eidechse,moskito,fliege,muecken,schmetterling,tintenfisch,oktopus,decapoden,,,,,,,,,,,,,,,,,,,,,,,,,,,,,,,,,,,,,,,
308qp,,affen,pferde,kaengurus,giraffen,nilpferde ,katzen,hunde,maus,ente,schwein,schaf,ziege,kuh,voegel,fische,leopard,elefant,wal,oktopus,qualle,schrimps,nasenbaer,guerteltier,schlangen,froesche,kroeten,kaefer,fliegen,schnecken,maulwurf,schmetterlinge,maikaefer,libellen,paviane,pinguine,huehner,nilpferde,,,,,,,,,,,,,,,,,,,,,,,,,,,,,,,,,,,,,,,,,,,,,,,,,,,
3345j,,fisch,schlange,schildkroete,krokodil,nilpferd,vogel strauss,zebra,affe,papagei,vogel,elefant,nutria,giraffe,alligator,loewe,kakerlake,termite,zebu,okapi,nashorn,geier,pinguin,seehund,bueffel,stier,kuh,hund,katze,maus,schwein,schaf,geiss,pferd,pony,huhn,esel,kaenguru,spinne,hamster,ratte,fuchs,wolf,elch,hirsch,gemse,murmeltier,ameise,fliege,biene,wespe,hummel,hornisse,baer,tukan,pelikan,storch,kamel,lama,dromedar,,,,,,,,,,,,,,,,,,,,,,,,,,,,,
3koq0,task aborted by participant after 30 seconds,elefant,adler,fisch,,,,,,,,,,,,,,,,,,,,,,,,,,,,,,,,,,,,,,,,,,,,,,,,,,,,,,,,,,,,,,,,,,,,,,,,,,,,,,,,,,,,,
3lwnu,,murmeltiere,katze,hund,loewen,geparden,hyaenen,voegel,strauss,kleiber,zaunkoenig,huftier,bueffel,luchs,fuchs,wildsaeue,hirsche,reh,lachs,dachs,biber,schakal,hyaene,strauss,erdmaennchen,schlange,python,ringelnatter,ameisenbaer,biene,wespe,hummel,koenigsnatter,python,ameise,spinne,skorpione,ruesselkaefer,marienkaefer,maikaefer,bienenfresser,guerteltier,hummel,,,,,,,,,,,,,,,,,,,,,,,,,,,,,,,,,,,,,,,,,,,,,,
3o4up,,hund,katze,maus,giraffe,elefant,loewe,leopard,gazelle,antilope,fisch,vogel,kuh,schwein,huhn,pferd,esel,ratte,affe,seeloewe,robbe,delfin,walross,dinosaurier,mammut,kamel,dromedar,puma,gecko,eidechse,schlange,schakal,eisbaer,viper,natter,laus,elster,amsel,fink,star,drossel,gimpel,zaunkoenig,tiger,lama,fuchs,wolf,reh,hirsch,wildschwein,,,,,,,,,,,,,,,,,,,,,,,,,,,,,,,,,,,,,,,
48uu8,,hund,katze,kuh,kalb,pferd,loewe,stier,schwein,wildschwein,rind,esel,kamel,tiger,zebra,pinguin,fink,bergfink,mehlschwalbe,rauchschwalbe,blaumeise,kohlmeise,tannenmeise,zaunkoenig,hai,wal,weissfisch,nase,lachs,salm,meerschweinchen,hamster,maus,spitzmaus,ratte,dachs,luchs,wolf,baer,braunbaer,eisbaer,grizzly,koala,kaenguru,fuchs,biber,fischotter,brachse,wels,flamingo,storch,adler,falke,turmfalke,uhu,eule,buntspecht,grauspecht,gruenspecht,eisvogel,stichling,goldfisch,frosch,kroete,heuschrecke,marienkaefer,maikaefer,stechmuecke,eintagsfliege,bremse,giraffe,okapi,,,,,,,,,,,,,,,,,
4ct26,participant did not follow task instructions,hund,katze,pferd,maus,ratte,schlange,loewe,giraffe,elefant,tiger,zoo,fauna,kaefer,reptilien,fische,beuteltier,guerteltier,nashorn,nilpferd,tierheim,futter,wilderei,raubkatzen,safari,haustier,tierbedarf,schildkroeten,raben,falke,adler,geier,saeugetiere,wirbellose,tierhaarallergie,wildnis,dschungel,wueste,fell,panzer,schnabel,dokumentation,reitsport,hundeschule,,,,,,,,,,,,,,,,,,,,,,,,,,,,,,,,,,,,,,,,,,,,,
4fsra,,hunde,katze,vogel,schlangen,raupen,ameisen,insekten,giraffen,loewe,hase,reh,fuchs,wildschwein,fliege,biene,hornisse,wespe,fische,kraken,haifisch,muscheln,baeren,wolf,luchs,rotkehlchen,fink,blaumeise,kohlmeise,amsel,star,elster,kohlkrabe,spatz,goldammer,rotkehlchen,zaunkoenig,stieglitz,wiedehopf,eidechse,schnecken,igel,iltis,frettchen,marder,fledermaus,spitzmaus,wuehlmaus,maulwurf,raupe,regenwurm,zecke,adler,ameise,fische,,,,,,,,,,,,,,,,,,,,,,,,,,,,,,,,,,
4krz4,,hase,fuchs,katze,hund,maus,ratte,hamster,meerschweinchen,pferd,pony,chinchilla,schlange,gecko,salamander,wurm,schmetterling,kaefer,drossel,amsel,nachtigall,schwan,ente,storch,frosch,kaenguru,zebra,nashorn,einhorn,giraffe,wolf,bison,dromedar,alpaka,kamel,schwein,wildschwein,kuh,katzenhai,hammerhai,feuerfisch,clownfisch,kofferfisch,kugelfisch,qualle,rochen,aal,weisser hai,blauwal,killerwal,basilisk,schildkroete,spatz,vogelspinne,schwarze spinne,,,,,,,,,,,,,,,,,,,,,,,,,,,,,,,,,,
50v87,,elefant,giraffe,loewe,tiger,jaguar,nilpferd,krokodil,ameise,nasenbaer,pinguin,eule,hamster,dachs,schlange,oktopus,wal,haifisch,delfin,tausendfuessler,waschbaer,siebenschlaefer,eichhoernchen,reh,hirsch,kudu,blindschleiche,forelle,zebra,qualle,manguste,ringelnatter,papagei,pandabaer,,,,,,,,,,,,,,,,,,,,,,,,,,,,,,,,,,,,,,,,,,,,,,,,,,,,,,,
5ir67,,fuchs,hirsch,schaeferhund,eule,hauskatze,schwein,kuh,schaf,ziege,rind,huhn,giraffe,elefant,seehund,pinguin,schimpanse,gorilla,orangutan,kaenguru,dingo,kreuzspinne,schwarze witwe,vogelspinne,puffin,schwarze mamba,kobra,maus,ratte,igel,seeigel,thunfisch,blauwal,pottwal,grindwal,schwertwal,weisser hai,hammerhai,dornhai,katzenhai,thunfisch,barsch,forelle,hecht,tiger,loewe,nashorn,nilpferd,seepferd,krokodil,gecko,feuersalamander,koalabaer,rochen,,,,,,,,,,,,,,,,,,,,,,,,,,,,,,,,,,,
6k05w,,hund,katze,elefant,affe,vogel,tiger,loewe,gepard,leopard,jaguar,eisbaer,baer,kaenguru,kaninchen,hase,papagei,wellensittich,falke,adler,albatross,pinguin,leguan,waran,krokodil,schlange,maus,chinchilla,hamster,meersaeue,ross,kuh,stier,rind,schaf,geiss,yak,bueffel,bison,braunbaer,grizzlybaer,fisch,hai,wal,delfin,orka,,,,,,,,,,,,,,,,,,,,,,,,,,,,,,,,,,,,,,,,,,,
6ukjc,,affen,kuehe,schweine,saeue,schafe,huehner,enten,gaense,hunde,katzen,loewen,tiger,voegel,schlangen,schnecken,baeren,leoparden,tiger,rehe,hirsche,pferde,esel,giraffen,flusspferd,krokodil,papageien,tauben,wildkatzen,schwaene,seehund,eisbaer,orangutan,koala,kaenguru,,,,,,,,,,,,,,,,,,,,,,,,,,,,,,,,,,,,,,,,,,,,,,,,,,,,,,
710xt,,kuh,esel,schaf,hund,katze,kaninchen,kaenguru,loewe,tiger,puma,elefant,zebra,kaenguru,giraffe,affe,walross,eisbaer,tintenfisch,fisch,qualle,biber,eichhoernchen,voegel,bison,bueffel,kuehe,ross,pferde,ameisen,kaefer,spinnen,muecken,bienen,wespen,hornissen,schmetterlinge,fliegen,falter,bussarde,marder,wiesel,otter,ratten,maeuse,maulwurf,faultier,baeren,elche,rentiere,rehe,hirsche,fuchs,wolf,nerz,,,,,,,,,,,,,,,,,,,,,,,,,,,,,,,,,,
729dc,,hund,katze,maus,elefant,giraffe,rhinozeros,flusspferd,zebra,loewe,leopard,panther,serval,okapi,gnu,kudu,grosser kudu,kaenguru,emu,strauss,lama,adler,kohlmeise,spatz,amsel,drossel,fink,star ,gruenspecht,schwarzspecht,ente,taucherente,schwan,kohlmeise,blaumeise,schwan,ente,walfisch,forelle,stoer,thunfisch,delfin,schwertfisch,kugelfisch,haifisch,pottwal,delfin,seestern,spinne,ameise,biene,wespe,hummel,stechmuecke,fliege,schabe,kaefer,stinkkaefer,mistkaefer,kroete,frosch,glockenfrosch,erdkroete,grasfrosch,salamander,feuersalamander,specht,gruenspecht,reiher,hoeckerschwan,,,,,,,,,,,,,,,,,,,
75hrf,,hund,katze,esel,pferd,biene,waschbaer,heuschrecke,tiger,loewe,gepard,nashorn,elefant,otter,storch,dackel,baer,kaefer,marienkaefer,maikaefer,haifisch,walfisch,delfin,thunfisch,schildkroete,meeresschildkroete,blauwal,buckelwal,pottwal,krebs,hummer,papagei,pinguin,leopard,eichhoernchen,streifenhoernchen,fuchs,dachs,igel,schildkroete,aal,tigerhai,sandhai,zitronenhai,mantarochen,zitterrochen,seepferdchen,fetzenfisch,oktopus,sepia,hirsch,reh,rentier,maulpferd,zebra,okapi,giraffe,loewen,woelfe,,,,,,,,,,,,,,,,,,,,,,,,,,,,,,
7dfnm,,hase,katze,hund,pferd,kuh,schwein,ziege,schaf,meerschweinchen,hamster,loewe,tiger,leopard,panther,gepard,elefant,zebra,gnu,antilope,delfin,hai,schwertwal,wal,ameise,fliege,schmetterling,hornisse,hummel,biene,wespe,rabe,sperling,falke,adler,geier,schlange,echse,waran,braunbaer,eisbaer,schwarzbaer,grizzly,elch,bison,rentier,wolf,schakal,fuchs,luchs,steinbock,gemse,ratte,maus,igel,maulwurf,regenwurm,kaefer,spinne,,,,,,,,,,,,,,,,,,,,,,,,,,,,,,
7gcjm,,hund,katze,maus,elefant,giraffe,loewe,nashorn,gnu,australian shepherd,schaeferhund,hamster,greifvoegel,enten,schwaene,meisen,amseln,katzen,komodore,chamaeleons,krokodile,tierheimhunde,schosshunde,hauskatzen,katzenaugen,strassenkoeter,bastarde,labortiere,affen,maeuse,ratten,tierfutter,schlangen,zebras,ottern,kreuzottern,nager,bisamratten,schwaene,stoerche,zugvoegel,langschlaefer,winterschlaefer,baeren,siebenschlaefer,warane,haustiere,wildtiere,zootiere,park,eichhoernchen,kuscheltiere,baeren,disneymaeuse,,,,,,,,,,,,,,,,,,,,,,,,,,,,,,,,,,,
7hgj7,,saeugetiere,katze,maus,hund,schaf,rind,tiger,gepard,loewen,hyaenen,beuteltiere,kaengurus,reptilien,schlangen,spinnen,kaefer,wuermer,echsen,komodowarane,warane,voegel,adler,amsel,tauben,eulen,uhus,ratten,hamster,zwerghamster,goldhamster,goldfisch,papagei,kanarienvogel,fische,wale,delfin,buckelwal,aal,haifische,schwertfisch,hammerhai,weisser hai,tintenfische,oktopusse,seepferdchen,anemonen,buckelwal,blauwal,plankton,,,,,,,,,,,,,,,,,,,,,,,,,,,,,,,,,,,,,,,
7jwhv,,affe,giraffe,katze,hund,tiger,meerschweinchen,schwein,pinguin,hamster,tiger,loewe,delfin,fisch,tintenfisch,vogel,papagei,schlange,spinne,eidechse,wurm,baer,reh,hirsch,kuh,ziege,gepard,puma,frosch,huhn,hai,wal,robbe,kaenguru,koala,possum,zebra,gazelle,nilpferd,nashorn,,,,,,,,,,,,,,,,,,,,,,,,,,,,,,,,,,,,,,,,,,,,,,,,,
7k63d,,pferd,krokodil,hund,katze,vogel,maus,elefant,tiger,panther,ratte,fliege,biene,hummel,muecke,zecke,kuh,schwein,ziege,schaf,affe,ameisenbaer,fisch,aal,rochen,goldfisch,stoer,hai,wal,guppys,zebrafisch,seepferdchen,marder,geier,wanze,laus,zecke,nisse,kaenguru,,,,,,,,,,,,,,,,,,,,,,,,,,,,,,,,,,,,,,,,,,,,,,,,,,
7lowo,,hase,katze,hund,fisch,vogel,elefant,elch,reh,hirsch,fuchs,wolf,nilpferd,krokodil,walross,seehund,delfin,haifisch,papagei,kondor,adler,bussard,geier,seeadler,reiher,fischreiher,storch,wiesel,eichhoernchen,marder,iltis,schneehase,schneehuhn,auerhahn,ente,fischreiher,graureiher,silberreiher,loewe,tiger,puma,panther,leopard,gepard,nashorn,affe,schimpanse,gorilla,orangutan,rentier,elch,stachelschwein,baer,grizzly,schwarzbaer,eisbaer,kuh,pferd,schlange,eidechse,waran,,,,,,,,,,,,,,,,,,,,,,,,,,,,
7pfa7,,hund,katze,maus,affe,tiger,loewe,zebra,hase,reh,hirsch,igel,fisch,tintenfisch,wal,delfin,spinne,biene,wespe,kaefer,ameise,wolf,gans,huhn,schwein,esel,pferd,ente,ziege,wurm,regenwurm,star,amsel,drossel,adler,geier,schwalbe,krokodil,schildkroete,delfin,schlange,ratte,meerschweinchen,hamster,katze,murmeltier,faultier,skorpion,antilope,leopard,star,drossel,taube,assel,kellerassel,,,,,,,,,,,,,,,,,,,,,,,,,,,,,,,,,,
86tkn,,hund,katze,maus,hase,eber,wildschwein,fuchs,luchs,loewe,giraffe,nilpferd,otter,biber,nagetiere,hamster,maulwurf,schlangen,fliegen,muecken,maeuse,springmaeuse,falke,rabe,seeadler,karpfen,welse,goldfische,dorade,hecht,baer,grizzlybaer,pandabaer,koalabaer,kaenguru,seeadler,rind,kalb,pferde,bisons,bueffel,keiler,eber,nashoerner,gnus,zebras,antilopen,geparde,leoparde,schnecken,schmetterlinge,raupen,wuermer,kreuzspinnen,raben,otter,welse,buntbarsche,,,,,,,,,,,,,,,,,,,,,,,,,,,,,,,
8dif7,,elefanten,loewen,schlangen,fische,zebras,nilpferde,rhinozerosse,giraffen,pumas,panther,katzen,hunde,meerschweine,hasen,kaninchen,pferde,schweine,kuehe,ziegen,adler,maeusebussarde,papageien,kanarienvoegel,dolen,raben,wiesel,marder,maeuse,ratten,kaengurus,wale,seepferde,aale,grashuepfer,grillen,insekten,larven,laeuse,ameisen,flamingos,drachen,affen,,,,,,,,,,,,,,,,,,,,,,,,,,,,,,,,,,,,,,,,,,,,,,
8dp7d,,baer,fisch,elefant,tiger,ratte,maus,hirschkaefer,mistkaefer,skarabaeus,anemone,muschel,vogel,robbe,walfisch,kamel,lama,alpaka,schildkroete,smaragdeidechse,boa,otter,viper,grille,katze,hund,assel,nashorn,nilpferd,schmetterling,falter,wurm,engerling,marder,mensch,antilope,ducker,steinbock,gemse,ziege,schaf,kuh,ross,esel,okapi,giraffe,oryxantilope,hecht,barsch,forelle,nase,aesche,waller,bleie,stoer,marlin,thunfisch,muraene,seeaal,normalaal,schmeissfliege,eintagsfliege,,,,,,,,,,,,,,,,,,,,,,,,,,,
8fvat,,affe,adler,antilope,baer,biber,braunbaer,chinchilla,dammhirsch,esel,eber,esel,fisch,gnu,gazelle,hund,hamster,igel,luchs,nasenbaer,nilpferd,otter,panther,qualle,schwein,panther,tiger,loewe,zebra,schneeleopard,affe,pinguin,elefant,orangutan,schimpanse,klammeraffe,bueffel,pony,pferd,zebu,ziege,schlange,echse,hai,katze,meerschweinchen,hamster,ratte,maus,huhn,rind,zebra,,,,,,,,,,,,,,,,,,,,,,,,,,,,,,,,,,,,,
8g0yu,,kuh,hund,affe,giraffe,elefant,nashorn,katze,tiger,loewe,pferd,maultier,geiss,steinbock,gemse,pferd,esel,maulesel,voegel,kakadu,papagei,fische,forelle,hecht,regenwurm,insekten,maus,biber,otter,schlange,voegel,insekten,primaten,rentiere,saeugetiere,schlangen,walfische,eisbaeren,pinguine,,,,,,,,,,,,,,,,,,,,,,,,,,,,,,,,,,,,,,,,,,,,,,,,,,
8jkgj,,opposum,vogel,hund,katze,kuh,pferd,eidechse,lemur,orangutan,schimpanse,insekten,fliegen,bienen,wespen,heuschrecken,gottesanbeterin,schlange,viper,natter,zornnatter,aspisviper,adler,steinadler,seeadler,falke,turmfalke,wanderfalke,wildkatze,luchs,baer,fuchs,wolf,kaninchen,zwerghasen,hasen ,feldhasen,maeuse,hamster,meerschweinchen,maulwurf,regenwurm,maden,tiger,loewe,gepard,puma,panther,ozelot,okapi,giraffe,elefant,zebra,nashornvogel,nashorn,flusspferd,krokodil,piranha,wal,delfin,blauwal,pottwal,katzenhai,forelle,makrele,dorade,thunfisch,aal,ziege,schaf,widder,bock,rind,stier,siebenschlaefer,,,,,,,,,,,,,,
8nz8d,,affe,elefant,giraffe,hase,hund,katze,meerschwein,maus,fuchs,dachs,fisch,schmetterling,vogel,schwan,schlange,geiss,ente,tiger,nashorn,falter,pferd,kuh,kuehe,hirsch,reh,schwein,pinguin,krokodil,spinne,luchs,hirsch,schneehase,adler,giraffe,eisbaer,fliege,biene,wespe,marder,biber,bueffel,otter,fischotter,luchs,schafe,zebra,woelfe,,,,,,,,,,,,,,,,,,,,,,,,,,,,,,,,,,,,,,,,,
8shbg,,giraffe,affe,maus,katze,hund,loewe,hyaene,elefant,vogel,flamingo,panther,ameise,ratte,laus,maus,hund,zebra,nilpferd,kolibri,baer,eisbaer,seehund,wurm,schmetterling,fisch,loewe,nashorn,geier,leopard,hase,huhn,schwein,meerschweinchen,geiss,hirsch,reh,kuh,schlange,insekten,spinne,kakerlake,sandwuermer,sandfloehe,,,,,,,,,,,,,,,,,,,,,,,,,,,,,,,,,,,,,,,,,,,,,
92r8q,,hund,katze,maus,pferd,schaf,ziege,fisch,schlange,vogel,bussard,kleiber,meise,spatz,delfin,adler,nasenbaer,brillenbaer,braunbaer,eisbaer,schwarzbaer,wasserbaer,schimpanse,gorilla,kapuzinaffe,rhesusaffe,warzenschwein,loewe,gepard,leopard,wasserbueffel,giraffe,elefant,tiger,kobra,korallenschlange,ringelnatter,kreuzotter,viper,ameise,stechmuecke,stubenfliege,schmeissfliege,bremse,biene,holzwespe,hummel,kohlweissling,blaeuling,zitronenfalter,pfauenauge,nachtfalter,monarch,hering,haifisch,goldbrasse,egli,karpfen,rochen,stichling,moschusochse,yak,steinbock,murmeltier,hirsch,wildschwein,dachs,fuchs,kraehe,rabe,schaeferhund,siamkatze,pudel,zwergpinscher,chihuahua ,berner sennenhund,appenzeller sennenhund,windhund,saluki,greyhound,wolfshund,wolf,wildkatze,luchs,elch,,,,
93a79,,pinguin,gans,ente,kamel,zebra,elefant,kaenguru,koala,krokodil,laus,ameise,schnecke,schlange,kroete,schmetterling,vogel,habicht,maulwurf,maus,affe,otter,biber,reh,hirsche,elche,mammut,baeren,grizzlys,hase,eichhoernchen,specht,katze,hund,ratte,fisch,aal,delfin,hai,seestern,moewe,jaguar,panther,loewe,antilope,gazelle,erdmaennchen,laeuse,zecke,giraffe,nashorn,rhinozeros,pandas,wolf,,,,,,,,,,,,,,,,,,,,,,,,,,,,,,,,,,,
93otj,participant's phone rang during task ,fledermaus,loewe,spinne,eidechse,hund,katze,vogel,regenwurm,floh,giraffe,zebra,wildsau,hausschwein,ross,esel,maulesel,schimpanse,orangutan,schmetterling,biene,insekten,fliege,moskito,schlange,rebhuhn,uhu,falke,kautz,ratte,maus,marder,giraffe,kamel,stier,kuh,huhn,gockel,baer,polarbaer,eisbaer,lama,alpaka,kreuzspinne,seidenspinne,boa constrictor,viper,fisch,haifisch,walfisch,pinguine,muschel,auster,jakobsmuschel,,,,,,,,,,,,,,,,,,,,,,,,,,,,,,,,,,,
9ai4y,,elefant,giraffe,leopard,gepard,maus,katze,pferd,zebra,loewe,krokodil,nilpferd,nashorn,gnu,impala,krabbeltiere,insekten,schmetterlinge,wolf,rentier,hyaene,kojote,geier,amsel,drossel,fink,star,pfau,wal,delfin,scholle,goldfisch,koi,qualle,hamster,meerschweinchen,hund,katze,ratte,spinnen,fliegen,muecken,seepferdchen,gnu,kudu,schlange,natter,kreuzotter,strauss,waldrapp,pavian,affe,,,,,,,,,,,,,,,,,,,,,,,,,,,,,,,,,,,,,
9d0qi,,hund,katze,maus,zebra,giraffe,koala,puma,tiger,loewe,elefant,gnu,schlange,fisch,viper,steinfisch,aal,forelle,seezunge,steinbutt,steinbeisser,ross,pony,reh,fuchs,hase,meerschweinchen,zebra,bueffel,hase,storch,pfau,adler,specht,taube,seeotter,pinguin,pfau,kaenguru,puma,loewe,frosch,igel,waschbaer,spinne,skorpion,eidechse,waran,mondfisch,schildkroete,krokodil,adler,,,,,,,,,,,,,,,,,,,,,,,,,,,,,,,,,,,,,
9feqd,,elefant,giraffe,hund,katze,maus,hamster,vogel,ratte,maus,krokodil,affe,wal,delfin,fisch,goldfisch,forelle,lachs,thunfisch,crevetten,pferd,esel,leopard,gepard,jaguar,reh,hirsch,schaeferhund,border collie,schildkroete,fuchs,wildschwein,kamel,pinguin,seeloewe,baer,,,,,,,,,,,,,,,,,,,,,,,,,,,,,,,,,,,,,,,,,,,,,,,,,,,,,
9khsp,,katze,hund,maus,giraffe,huhn,elefant,ziege,schaf,krokodil,schlange,papagei,adler,kanarienvogel,echse,leguan,nashorn,loewe,tiger,leopard,ozelot,hermelin,biber,nerz,lama,alpaka,kaenguru,strauss,amsel,fink,star,kraehe,wurm,kaefer,schwalbe,ameise,rotkehlchen,kroete,frosch,libelle,schmetterling,reh,ren,hirsch,gemse,steinbock,murmeltier,wal,delfin,fisch,qualle,robbe,seeloewe,seal,regenwurm,fledermaus,,,,,,,,,,,,,,,,,,,,,,,,,,,,,,,,,
9p6ed,,katze,hund,kamel,tiger,loewe,krokodil,kanarienvogel,papagei,affe,gorilla,zebra,giraffe,eisbaer,braunbaer,grizzly,schlange,blindschleiche,klapperschlange,huhn,adler,biber,forelle,salm,laubfrosch,kroete,ameise,biene,hummel,schmetterling,moskito,maikaefer,jesukaefer,fliege,seehund,robbe,walross,zebra,ross,esel,pony,dromedar,kuh,kalb,stier,bison,gecko,chamaeleon,eidechse,lizard,echse,seestern,flamingo,venusmuschel,koralle,delfin,wal,killerwal,blauwal,schildkroete,meeresschildkroete,floh,wanze,mikrobe,,,,,,,,,,,,,,,,,,,,,,,,,
9u6ge,,hund,katze,meerschwein,schlange,tiger,vogel,spinne,insekten,giraffe,elefant,maultier,esel,flamingo,krokodil,baer,fisch,maus,zebra,hase,nilpferd,,,,,,,,,,,,,,,,,,,,,,,,,,,,,,,,,,,,,,,,,,,,,,,,,,,,,,,,,,,,,,,,,,,,
9w1z1,,hund,katze,voegel,meerschweinchen,maus,pferd,ponies,esel,kuehe,huehner,pinguin,eisbaeren,giraffen,elefanten,nashoerner,zebras,baeren,luchs,fuchs,woelfe,schwein,affe,frosch,ente,schwan,wuermer,kaefer,ratte,gazelle,erdmaennchen,maultier,maulwurf,chamaeleon,reh,hirsch,eichhoernchen,,,,,,,,,,,,,,,,,,,,,,,,,,,,,,,,,,,,,,,,,,,,,,,,,,,,
9x404,,elefant,nashorn,maus,habicht,adler,tiger,ringelnatter,natter,schlange,voegel,fuchs,reh,hirsch,kuh,pferd,wuermer,uhu,ameise,kaefer,fisch,hai,wal,eisbaer,baer,kamel,dromedar,katze,hund,pinguin,schwein,ratte,faultier,affe,nilpferd,chamaeleon,,,,,,,,,,,,,,,,,,,,,,,,,,,,,,,,,,,,,,,,,,,,,,,,,,,,,
a3hpj,,elefant,hund,katze,kaulquappe,schildkroete,maus,ratte,floh,muecke,biene,waschbaer,vogel,elster,rabe,eichhoernchen,fuchs,baer,wolf,elch,reh,regenwurm,giraffe,elefant,nilpferd,rhinozeros,seepferdchen,haifisch,walfisch,qualle,hamster,meersau,chinchilla,welpe,fuchs,wanze,floh,krokodil,gladiator,schlange,leopard,tiger,loewe,eule,murmeltier,,,,,,,,,,,,,,,,,,,,,,,,,,,,,,,,,,,,,,,,,,,,
a4bah,,katze,hund,pferd,hamster,meerschweinchen,fische,maus,ratte,schildkroete,esel,lama,giraffe,elefant,wolf,baer,pfau,schwein,kuh,huhn,ziege,loewe,tiger,krokodil,hirsch,elch,rentier,reh,waschbaer,frettchen,marder,schlange,spinne,frosch,jaguar,puma,leopard,gazelle,zebra,affe,flamingo,,,,,,,,,,,,,,,,,,,,,,,,,,,,,,,,,,,,,,,,,,,,,,,,
ai12t,,elefant,zebra,hund,katze,maus,pferd,reh,loewe,antilope,schlange,frosch,vogel,insekt,schmetterling,baer,luchs,panther,otter,biber,wal,delfin,orka,fisch,nashorn,spinne,hamster,ratte,kaninchen,hase,tiger,murmeltier,adler,,,,,,,,,,,,,,,,,,,,,,,,,,,,,,,,,,,,,,,,,,,,,,,,,,,,,,,,
as8uq,,hund,katze,maus,esel,fisch,vogel,adler,lurche,affe,elefant,tiger,giraffe,esel,krokodil,hamster,maeuse,kanarienvogel,wellensittich,habicht,kuehe,pferde,rinder,schweine,esel,muni,kalb,maeuse,schmetterling,ameise,tausendfuessler,baeren,maeusebussard,ameisen,ameisenbaer,biber,schwan,ente,forelle,aesche,walfisch,tintenfisch,einzeller,hirsch,maultier,nashorn,,,,,,,,,,,,,,,,,,,,,,,,,,,,,,,,,,,,,,,,,,,
axr1v,,loewe,giraffe,elefant,antilope,krokodil,clownfisch,albatross,adler,steinadler,kuckuck,spatz,amsel,drossel,zebra,nilpferd,geparde,leoparde,eisbaer,braunbaer,panda,gemse,steinbock,maulwurf,erdmaennchen,ameisenbaer,pferd,pony,esel,kuh,stier,bueffel,qualle,tintenfisch,delfin,orka,blauwal,hai,pinguin,polarfuchs,heuschrecke,ameise,kobra,blindschleiche,natter,ratte,maus,marder,schildkroete,katze,hund,nacktmull,meerschweinchen,hase,,,,,,,,,,,,,,,,,,,,,,,,,,,,,,,,,,,
bjchh,participant did not follow task instructions,hund,katze,maus,schlange,wellensittich,papagei,kuh,fisch,rind,alligator,krokodil,ziege,schaf,bergziege,nashorn,zoo,tierpark,schnabel,huf,pferd,esel,stall,berg,gehege,haustier,auslauf,weide,alp,seil,schwanz,schnauze,schnabel,maehne,loewe,tiger,elefant,steppe,puma,vogel,tierwaerter,tierarzt,,,,,,,,,,,,,,,,,,,,,,,,,,,,,,,,,,,,,,,,,,,,,,,
bustq,,affe,ameise,ameisenbaer,biber,bambi,baer,biene,chamaeleon,koala,dachs,elefant,eichhoernchen,flusskrebs,fisch,vogel,gans,hase,huhn,hund,kuh,lama,marienkaefer,nilpferd,qualle,schimpanse,puma,leopard,loewe,leguan,kobra,maus,nilpferd,zebra,antilope,,,,,,,,,,,,,,,,,,,,,,,,,,,,,,,,,,,,,,,,,,,,,,,,,,,,,,
bz14f,,hund,katze,schwein,kuh,maus,ratte,elefant,tiger,affe,storch,spatz,amsel,reh,baer,wolf,fuchs,murmeltier,erdmaennchen,flamingo,nashorn,elefant,goldfisch,hai,delfin,walfisch,papageienfisch,ente,schwan,gans,huhn,hase,eichhoernchen,maulwurf,wiesel,adler,eisbaer,seerobbe,pinguin,koalabaer,kaenguru,wallabie,ameise,heuschrecke,geier,wildesel,,,,,,,,,,,,,,,,,,,,,,,,,,,,,,,,,,,,,,,,,,,
c5w6y,,hase,hund,katze,loewe,tiger,schnecke,elefant,giraffe,affe,wal,hai,pinguin,eisbaer,braunbaer,schlange,chamaeleon,frettchen,papagei,maus,eidechse,ziege,schaf,schwein,kuh,huhn,kaefer,motte,schmetterling,vogel,floh,geier,ratte,pudel,bernhardiner,perser,husky,pferd,esel,maultier,pitbull,delfin,orka,,,,,,,,,,,,,,,,,,,,,,,,,,,,,,,,,,,,,,,,,,,,,,
ccwa7,,amsel,alligator,affe,baer,chamaeleon,dromedar,dachs,esel,eidechse,ferkel,gans,gepard,hamster,hausmaus,igel,iltis,kaenguru,kormoran,lama,leguan,laus,otter,panther,pferd,qualle,stier,sau,spinne,turmfalke,tapir,uhu,wasserratte,zobel,habicht,adler,milan,rotschwanz,amsel,drossel,fink,star,wal,hai,forelle,hering,flunder,seestern,okapi,ozelot,grille,fliege,wespe,biene,wanze,ohrwurm,wurm,ratte,,,,,,,,,,,,,,,,,,,,,,,,,,,,,,,
ceiez,,hund,katze,pferd,kuh,gans,henne,truthahn,schlange,vogel,meise,giraffe,tiger,loewe,puma,feuersalamander,eichhorn,ameise,igel,fisch,nilpferd,delfin,wal,aal,felchen,egli,hase,meerschweinchen,hamster,meise,lerche,luchs,wolf,schwein,wollschwein,lamm,frosch,meerkatze,affe,gorilla,schimpanse,flughoernchen,maus,ratte,moewe,katze,frosch,olm,unke,kroete,seeloewe,seekuh,muecke,fliege,bremse,biene,wespe,hornisse,hummel,,,,,,,,,,,,,,,,,,,,,,,,,,,,,,
cs9ej,,fisch,vogel,hund,katze,kuh,stier,kalb,rhinozeros,nashorn,elefant,tiger,loewe,esel,pferd,schwein,maus,maulwurf,wurm,igel,rotkehlchen,meise,elster,sperling,amsel,drossel,fink,star ,fuchs,reh,hirsch,gemse,steinbock,engerling,schmetterling,kaefer,maikaefer,tausendfuessler,wanze,silberfischchen,giraffe,ente,huhn,hase,wolf,gepard,kaninchen,,,,,,,,,,,,,,,,,,,,,,,,,,,,,,,,,,,,,,,,,,
cuggr,,hunde,katzen,maeuse,fledermaus,wale,delfin,krebs,zebra,elefant,laeuse,uhu,specht,schmetterling,raupen,ameisen,wanzen,esel,pferde,schweine,kuehe,schafe,forellen,lachs,egli,kabeljau,kaenguru,nashoerner,giraffen,emus,antilopen,krokodile,piranhas,schimpansen,orangutans,tausendfuessler,spinnen,laeuse,floehe,fliegen,muecken,,,,,,,,,,,,,,,,,,,,,,,,,,,,,,,,,,,,,,,,,,,,,,,,
d5njy,,hund,katze,maus,esel,floh,giraffe,tiger,loewe,elefant,nashorn,schwein,kuh,schaf,ziege,wal,delfin,hai,seepferdchen,schwamm,laus,kaefer,schmetterling,motte,raupe,marienkaefer,hirschkaefer,schimpanse,gorilla,orangutan,lemur,eidechse,leguan,hirsch,reh,fuchs,biber,dachs,gemse,eichhoernchen,ratte,hamster,meerschweinchen,kanarienvogel,papagei,tukan,katze,bruellaffe,pinguin,eisbaer,braunbaer,wolf,tuemmler,forelle,grille,ohrenzwicker,schwalbe,amsel,drossel,fink,star,thunfisch,,,,,,,,,,,,,,,,,,,,,,,,,,,
dgexv,,elefant,hund,nilpferd,eidechse,eisbaer,aal,tiger,loewe,wolf,fuchs,pinguin,adler,hund,katze,meerschwein,hase,huhn,schwein,kuh,pferd,lama,antilope,pfau,storch,steinbock,ziege,pony,zebra,giraffe,rind,murmeltier,spinne,eidechse,ameise,fliege,muecke,bienen,esel,baer,wildschwein,nashorn,,,,,,,,,,,,,,,,,,,,,,,,,,,,,,,,,,,,,,,,,,,,,,,
dhnen,,katze,elefant,maus,hund,giraffe,tiger,loewe,waschbaer,faultier,fuchs,eichhoernchen,marienkaefer,schlange,eidechse,nashorn,tintenfisch,haifisch,delfin,wal,oktopus,adler,spatz,rotkehlchen,affe,pinguin,tausendfuessler,hundertfuessler,stinkkaefer,kakerlake,fruchtfliege,hausfliege,hamster,ratte,maus,baer,braunbaer,,,,,,,,,,,,,,,,,,,,,,,,,,,,,,,,,,,,,,,,,,,,,,,,,,,,
dkypf,,hund,katze,vogel,loewe,tiger,elefant,giraffe,krokodil,schlange,zebra,affe,meerschweinchen,hase,kaninchen,schildkroete,maus,ratte,murmeltier,kaenguru,koalabaer,nashorn,mammut,faultier,spinne,fliege,frosch,kroete,igel,pandabaer,emu,lama,alpaka,guanaco,nilpferd,bison,kuh,hirsch,reh,wildschwein,schwein,pony,pferd,esel,maultier,,,,,,,,,,,,,,,,,,,,,,,,,,,,,,,,,,,,,,,,,,,,
dl9l2,,hund,katze,krokodil,schlange,spinne,platypus,kaenguru,wombat,eidechse,schnecke,fisch,wal,rochen,delfin,haifisch,baer,panda,pelikan,papagei,vogel,hamster,tiger,elefant,loewe,giraffe,krabbe,goldfisch,rind,schaf,pferd,schwein,,,,,,,,,,,,,,,,,,,,,,,,,,,,,,,,,,,,,,,,,,,,,,,,,,,,,,,,,
emdt4,,affe,hund,katze,elefant,giraffe,marienkaefer,nashorn,gazelle,steinbock,muecke,biene,pferd,esel,maulesel,kuh,schaf,ratte,andromedar,kamel,meerschwein,koala,seepferd,krokodil,hai,wal,barsch,forelle,lachs,tintenfisch,delfin,seeloewe,tausendfuessler,wespe,eidechse,schlange,kormoran,heuschrecke,kaenguru,,,,,,,,,,,,,,,,,,,,,,,,,,,,,,,,,,,,,,,,,,,,,,,,,,
eme40,,tiger,loewe,schimpanse,giraffe,elefant,ruesseltier,schlange,maus,hamster,zenturion,krebs,fisch,elefant,reh,kuh,vogel,spinne,wal,hai,koralle,esel,hund,katze,meersau,vogel,geier,bison,zwergkuh,nashorn,papagei,seestern,schlange,ameise,kakadu,geopard,leopard,puma,spitzmaus,esel,zwerggiraffe,kakadu,flamingo,nashorn,affe,gorilla,schimpanse,kleideraffe,seehund,eule,bison,kaenguru,,,,,,,,,,,,,,,,,,,,,,,,,,,,,,,,,,,,,
eo96j,,hund,katze,maus,schimpanse,affe,giraffe,igel,lama,leopard,loewe,nashorn,bueffel,elefant,tiger,laus,fliege,biene,spinne,gepard,okapi,ziege,kuh,esel,bueffel,tapir,ringelnatter,schlange,bussard,vogel,amsel,drossel,fink,star,ameise,fisch,forelle,lachs,lurch,schwalbe,adler,laus,reh,hase,fuchs,dachs,gepard,wolf,ziege,schaf,puma,geier,muffon,biber,seeloewe,pavian,schnecke,viper,,,,,,,,,,,,,,,,,,,,,,,,,,,,,,,
eq4sk,,elefant,tiger,katze,hund,zebra,giraffe,antilope,schildkroete,fisch,hai,wal,igel,dachs,reh,luchs,baer,leopard,gepard,jaguar,voegel,eule,spatz,taube,goldfisch,fliege,insekten,schnecke,ameise,loewen,storch,falke,habicht,seeloewe,seeelefanten,schlange,schildkroete,frosch,eidechse,delfin,kugelfisch,nashorn,nilpferd,pinguin,strauss,emu,blauwal,narwal,killerwal,affe,schimpanse,gorillas,wuermer,,,,,,,,,,,,,,,,,,,,,,,,,,,,,,,,,,,,
f3wlt,participant did not follow task instructions,zebra,tiger,loewe,pferde,affe,hund,katze,fell,bein,fuesse,kopf,auge,gehirn,organ,pfau,flamingo,gorilla,meerschweinchen,hamster,kaninchen,essen,schlafen,lebensraum,zoo,gehege,weide,kuehe,pferd,gras,milch,kaese,fleisch,laden,elefanten,ruessel,schwanz,antilope,gefaehrlich,niedlich,herzig,insekten,chamaeleon,meer,waelder,nahrungsmittel,tierschutz,wwf,austerben bedroht,panda,koala,ausgestorben,haustier,pinguin,eisbaeren,fuchs,farbe,vegetarier,finden,essenskette,nahrungskette,gross,klein,schwer,leicht,lang,kurz,,,,,,,,,,,,,,,,,,,,,,
f9d6j,,loewe,hund,katze,papagei,hamster,meerschweinchen,maus,giraffe,jaguar,panther,leopard,elefant,nashorn,zebra,gnu,springbock,schildkroete,strauss,gorilla,schimpanse,meerkatze,tiger,ameise,krebs,languste,hummer,muschel,auster,schnecke,heuschrecke,kaefer,raupe,regenwurm,schmetterling,kakerlake,mehlwurm,motte,falter,spinne,schlange,eidechse,chamaeleon,gecko,adler,bussard,falke,murmeltier,forelle,barsch,wels,rochen,delfin,wal,kugelfisch,hai,salamander,frosch,kroete,fliege,hummel,biene,schnake,,,,,,,,,,,,,,,,,,,,,,,,,,
fayc7,,hund,katze,maus,kamel,tiger,elefant,krokodil,giraffe,maeuse,kuehe,pferde,ziegen,geissen,gemse,steinbock,fische,kroete,elefant,leoparden,gepard,nilpferd,walross,fliege,biene,wespe,hornisse,bremse,gepard,loewe,fuchs,huhn,kueken,gans,ente,laus,storch,adler,geier,,,,,,,,,,,,,,,,,,,,,,,,,,,,,,,,,,,,,,,,,,,,,,,,,,
g0vr6,,pferd,hund,katze,maus,krokodil,elefant,tiger,loewe,kaenguru,zebra,antilope,krokodil,fisch,aal,haifisch,walfisch,delfin,voegel,papageien,strausse,kuehe,ziege,schafe,wolf,baer,hamster,biber,adler,geier,bergziege,gams,kuh,frosch,schwein,ziege,lamm,kalb,rind,esel,maultier,maulesel,ratte,leopard,gepard,hyaene,,,,,,,,,,,,,,,,,,,,,,,,,,,,,,,,,,,,,,,,,,,
gh664,,affe,esel,ente,elefant,gorilla,nashorn,flamingo,maulwurf,faultier,pelikan,hund,katze,maus,sittich,schimpanse,orangutan,taube,adler,habicht,kraehe,elster,loewe,antilope,hyaene,kolibri,frosch,molch,lurch,gecko,schlange,pelikan,papagei,otter,biber,salamander,gazelle,reh,elch,braunbaer,schwarzbaer,panda,kuckuck,falke,spatz,,,,,,,,,,,,,,,,,,,,,,,,,,,,,,,,,,,,,,,,,,,,
gmng,,blauwal,grauwal,buckelwal,narwal,elefant,frosch,kamel,esel,fliege,muecke,schmetterling,schaf,huhn,kuh,stier,kalb,maulwurf,eidechse,ameise,heuschrecke,grille,fuchs,wolf,reh,hirsch,wildschweine,papagei,adler,seeadler,weisskopfseeadler,kanarienvogel,ara,dachs,haifisch,orka,delfin,walhai,mantarochen,lederschildkroete,galapagosschildkroete,biene,schmeissfliege,bremse,kaenguru,pinguin,walross,braunbaer,grizzly,schwarzbaer,brillenbaer,nasenaffe,gorilla,orangutan,eisbaer,kamel,dromedar,trampeltier,lama,,,,,,,,,,,,,,,,,,,,,,,,,,,,,,
gnyiv,,hund,katze,esel,elefant,papagei,schlange,maus,hase,vogel,krokodil,nilpferd,fledermaus,fisch,krake,katze,dinosaurier,schlange,tiger,leopard,luchs,ameise,kaefer,regenwurm,spinne,uhu,hamster,kaninchen,meerschweinchen,steinbock,fisch,schwein,guerteltier,moewe,wal,delfin,muraene,,,,,,,,,,,,,,,,,,,,,,,,,,,,,,,,,,,,,,,,,,,,,,,,,,,,
h6clg,,eule,pferd,kuh,schwein,schaf,huhn,hahn ,hund,katze,maus,ratte,vogel,wurm,schnecke,schlange,biene,wespe,hummel,loewe,tiger,panther,elefant,giraffe,fisch,pferd,frosch,kaulquappe,raupe,schmetterling,ochse,nashorn,nilpferd,schaf,heuschrecke,chamaeleon,wisent,antilope,waldkautz,meerschweinchen,hase,schildkroete,tiger,kamel,dromedar,schwan,pinguin,storch,hamster,blindschleiche,kraehe,fuchs,dachs,marder,murmeltier,biber,wildschwein,hirsch,reh,salamander,eidechse,zebra,,,,,,,,,,,,,,,,,,,,,,,,,,,
h6vaq,,baer,hund,katze,seeloewe,eisbaer,luchs,voegel,reh,schaf,ziegen,eichhoernchen,maus,hahn,hase,krokodil,pferd,dromedar,igel,seehund,loewe,tiger,leopard,schwein,kuh,maus,kaninchen,schildkroete,nashorn,affe,schimpanse,giraffe,hirsch,lamm,,,,,,,,,,,,,,,,,,,,,,,,,,,,,,,,,,,,,,,,,,,,,,,,,,,,,,,
hab20,,krokodil,elefant,katze,hund,ameise,affe,leopard,tiger,weisser tiger,nilpferd,giraffe,jungtiere,eber,schwein,minischwein,reh,rehkitz,made,fische,saeugetiere,gattung,amsel,voegel,storch,fischreiher,delfin,pottwal,ameisenkoenigin,bienen,wespen,stechmuecken,qualle,krebs,floh,bulldogge,kaspischer tiger,pinguin,eisbaer,brauner baer,ameisenbaer,hyaene,bergziege,kuh ,rinder,schafe,grashuepfer,libellen,froesche,molche,kaulquappen,goldfisch,maeuse,ratten,karnickel,rentiere,loewen,salamander,geckos,rotbarsch,weisser hai,blaukehlchen,rotkehlchen,spatz,schaeferhund,husky,,,,,,,,,,,,,,,,,,,,,,,
hahgk,check native language,fisch,wal,shark,hai,squirrel,fisch,hai,wal,delfin,droben,qualle,giraffe,loewe,zebra,buffalo,krokodil,elefant,gazelle,jaguar,leopard,cheetah,murmeltier,hund,katze,ratte,hamster,papagei,adler,falke,rottenfalke,rotmilan,kakadua,kakerlaken,muecken,fliegen,laeuse,floh,tiger,affen,gorilla,schimpanse,orangutan,tukan,anakonda,puma,9999,piranha,capybara,panther,marienkaefer,schmetterling,raupe,libelle,dinosaurier,,,,,,,,,,,,,,,,,,,,,,,,,,,,,,,,,,
hb4fe,,hund,katze,maus,pferd,esel,giraffe,okapis,seeloewe,robbe,pinguin,krokodil,fisch,hai,nashorn,nilpferd,organutan,schimpanse,gorilla,erdmaennchen,maus,ratte,elefant,gepard,loewe,tiger,wolf,luchs,ente,schwan,flamingo,pelikan,eule,uhu,papapgei,gnu ,antilope,seepferdchen,qualle,katze ,schlange,fledermaus,wurm,schnecke,schildkroete,ziege,schaf,schwein,wildschwein,bueffel,elch,reh,kaenguru,lama,dromedar,biene,wespe,zecke,laus,,,,,,,,,,,,,,,,,,,,,,,,,,,,,,
hgghw,,hund,katze,hase,spinnen,ameisen,saeugetiere,kaengurus,fledermaeuse,maeuse,ratten,hamster,faultiere,stinktiere,ratten,fische,wassertiere,haie,delfine,schlangen,blindschleichen,voegel,schildkroeten,tierfutter,schweine,kuehe,rehe,fuechse,woelfe,baeren,schnecken,ziegen,loewen,tiger,kakerlaken,elefanten,giraffen,nilpferde,pinguine,,,,,,,,,,,,,,,,,,,,,,,,,,,,,,,,,,,,,,,,,,,,,,,,,,
hgx8z,,giraffe,elefant,gazelle,loewe,tiger,hyaene,esel,pferd ,huehner,katze ,hund,schlange ,fisch,walfisch,delfin,pinguin,kaenguru,affen,gorilla,orangutan,biber,maus,ente,schwan,rabe ,wellensittich,papagei,amsel,drossel,fink,star,gaense,ziege,echse,dinosaurier,nashorn,nilpferd ,okapi,ameisenbaer,krebs,qualle,tintenfisch,haifisch,blauwal,orka,wombat,,,,,,,,,,,,,,,,,,,,,,,,,,,,,,,,,,,,,,,,,,
hmcog,,hund,katze,maus,loewe,affe,baer,kaninchen,hase,vogel,tiger,loewe,elefant,kraehe,meise,dachs,esel,pferd,kuh,ziege,schaf,huehner,hahn,kueken,kalb,wildschwein,hirsch,reh,hamster,flamingo,pfau,fische,karpfen,hering,kabeljau,wal,eland,giraffe,qualle,,,,,,,,,,,,,,,,,,,,,,,,,,,,,,,,,,,,,,,,,,,,,,,,,,
htz1l,,kuh,hund,katze,schwein,kamel,9999,hahn ,huehnchen,fisch,nashorn,nilpferd,kaenguru,kiwi,eichhoernchen,meerschweinchen,hase,vogel,strauss,koalabaer,pandabaer,braunbaer,leopard,loewe,puma,tiger,walfisch,delfin,qualle,krebs,garnele,wachtel,fasan,schwan,wurm,kaefer,biene,wespe,schmetterling,rotmeise,rotkehlchen,ameisenbaer,krokodil,eidechse,schildkroete,schlange,leguan,bartagame,gans,schwan,antilope,gnu,warzenschwein,erdmaennchen,murmeltier,,,,,,,,,,,,,,,,,,,,,,,,,,,,,,,,,,
hvzc3,,hund,katze,kuh,gecko,alligator,baer,schlange,puma,tiger,loewe,zebra,kamel,elefant,vogel,strauss,affe,tiger,gnu,ross,esel,papagei,okapi,lama,alpaka,huehner,enten,ferkel,saeue,rhinozeros,elefant,gazelle,reh,hirsch,fuchs,wolf,elster,elch,eisbaer,pinguin,koalabaer,orangutan,fliege,muecke,heuschrecke,alligator,waldameise,eichhoernchen,,,,,,,,,,,,,,,,,,,,,,,,,,,,,,,,,,,,,,,,,
hzw8w,,hund,katze,maus,elefant,tiger,loewe,schwein,kalb,kuh,schlange,ratte,pinguin,zebra,baer,eichhorn,fisch,hyaene,leopard,zebra,fuchs,schaf,kaenguru,opossum,frosch,,,,,,,,,,,,,,,,,,,,,,,,,,,,,,,,,,,,,,,,,,,,,,,,,,,,,,,,,,,,,,,,
i5n1e,,esel,pferd,igel,katze,hund,elefant,tiger,loewe,leopard,gepard,strauss,emu,kaenguru,adler,maeusebussard,moewe,ente,gaensesaeger,papagei,delfin,wal,hai,seepferd,schnecke,wurm,blindschleiche,ratte,kuckuck,amsel,drossel,fink,meise,star,rabe,,,,,,,,,,,,,,,,,,,,,,,,,,,,,,,,,,,,,,,,,,,,,,,,,,,,,,
i8bx5,,igel,hauskatze,wildkatze,tiger,loewe,jaguar,leopard,puma,hund,schwein,rind,huhn,huehner,hasen,kaninchen,schlangen,ringelnattern,kreuzottern,boas,anakondas,klapperschlangen,insekten,fliegen,muecken,libellen,schmetterlinge,nachtfalter,zitronenfalter,spinnen,vogelspinnen,weberknechte,kreuzspinnen,fische,karpfen,forellen,lachse,karpfen,amphibien,froesche,salamander,haie,wale,blauwale,pottwale,orkas,schwertwale,,,,,,,,,,,,,,,,,,,,,,,,,,,,,,,,,,,,,,,,,,
inqjo,,wolf,katze,hund,meersau,elefant,loewe,vogel,fisch,eisbaer,baer,pelikan,kamel,pferd,seehund,giraffe,hamster,kuh,dachs,biber,elch,hirsch,schwein,wildschwein,spinne,eidechse,schlange,kakerlake,maikaefer,eichhoernchen,insekt,wal,,,,,,,,,,,,,,,,,,,,,,,,,,,,,,,,,,,,,,,,,,,,,,,,,,,,,,,,,
insir,,hund,katze,ratte,fledermaus,loewe,tiger,elefant,maus,spatz,adler,eidechse,ameise,muecke,fliege,schlange,spinnen,zebra,papagei,nashorn,elefant,giraffe,krokodil,antilope,affe,gorilla,paradiesvogel,fische,haifisch,walfisch,pinguin,loewe,jaguar,puma,kuh,esel,huhn,widder,steinbock,skorpion,kraehe,milbe,stubenfliege,steinbock,eichhoernchen,reh,hirsch,hase,wildschwein,schwein,ross,geiss,schaf,grasshuepfer,biene,wespe,blattlaus,,,,,,,,,,,,,,,,,,,,,,,,,,,,,,,,
iv9hp,,elefant,tiger,meerschweinchen,schwein,giraffe,pferd,frosch,katze,hase,antilope,leopard,loewe,vogel,esel,fisch,schnecke,schlange,gecko,hund,affe,ente,kaenguru,spinne,hamster,maus,ratte,schnabeltier,einhorn,nashorn,antilope,,,,,,,,,,,,,,,,,,,,,,,,,,,,,,,,,,,,,,,,,,,,,,,,,,,,,,,,,,
iww4g,check native language,katzen,loewen,delfine,kakerlaken,ameisen,maeuse,hunde,froesche,menschen,papageien,vogel,enten,kuehe,schafe,schlangen,krokodile,iguana,schnecke,chinchilla,wale,gepard,nilpferd,,,,,,,,,,,,,,,,,,,,,,,,,,,,,,,,,,,,,,,,,,,,,,,,,,,,,,,,,,,,,,,,,,
j24y0,,hund,katze,maus,vogel,nashorn,elefant,giraffe,zebra,bison,schlange,frosch,fuchs,leopard,tiger,puma,schwarzer panther,loewe,kuh,pferd,antilope,emu,krokodil,dromedar,kamel,huhn,hai,hammerhai,katzenhai,wal,buckelwal,blauwal,schwertfisch,tunfisch,weisser tunfisch,,,,,,,,,,,,,,,,,,,,,,,,,,,,,,,,,,,,,,,,,,,,,,,,,,,,,,
j2f2p,check native language,giraffe,affe,elefanten,schildkroete,krokodil,esel,schwein,hund,katze,pelikan,tiger,pinguin,wolf,hase ,fuchs,maus,loewe,nilpferd,baer,eichhoernchen,ente,schafe,9999,steinbock,,,,,,,,,,,,,,,,,,,,,,,,,,,,,,,,,,,,,,,,,,,,,,,,,,,,,,,,,,,,,,,,
jbzsy,,hund,katze,tiger,loewe,ente,elefant,vogel,fisch,schlange,zebra,giraffe,nashorn,kuh,hase,schlange,pferd,eidechse,skorpion,vierfüsslerschnecke,ente,antilope,baer,elch,karibu,leopard,kamel,dromedar,ziege,esel,regenwurm,schmetterling,waschbaer,yak,opossum,schildkroete,marder,hamster,meerschweinchen,kormoran,storch,flamingo,specht,,,,,,,,,,,,,,,,,,,,,,,,,,,,,,,,,,,,,,,,,,,,,,
jh6y7,,hund,katze,tiger,baer,ente,fuchs,fisch,wal,delfin,maus,kaefer,insekt,ameise,libelle,reptilien,fisch,schnecke,schlange,skorpion,spinne,ameise,krokodil,luchs,jaguar,blauwal,meerschweinchen,hamster,leguan,eidechse,pandabaer,koalabaer,giraffe,pinguin,pelikan,ozelot,braunbaer,dachs,marder,ratte,kakerlake,erpel,kaninchen,hase,,,,,,,,,,,,,,,,,,,,,,,,,,,,,,,,,,,,,,,,,,,,,
jjgta,,hase,hund,katze,elefant,krokodil,vogel,affe,giraffe,nashorn,ente,fisch,hai,schildkroete,maus,ratte,laus,floh,loewe,tiger,kakadu,storch,flamingo,esel,pony,pferd,schwein,kamel,lama,bueffel,stier,uhu,eule,seehund,ziege,pinguin,papagei,reh,hirsch,luchs,fuchs,schwan,schlange,wurm,specht,wiesel,marder,rentier,albatross,adler,bussard,kuckuck,taube,,,,,,,,,,,,,,,,,,,,,,,,,,,,,,,,,,,,
jjln9,check native language,hunde,katze,voegel,elefanten,giraffen,ameisen,hyaene,schakale,baer,woelfe,tiger,kuehe,pferde,schweine,huehner,kakerlake,hirsche,fasan,ente,gaense,esel,dinosaurier,schlange,kakerlake,skorpion,fisch,,,,,,,,,,,,,,,,,,,,,,,,,,,,,,,,,,,,,,,,,,,,,,,,,,,,,,,,,,,,,,
jopv5,,affe,esel,jaguar,chamaeleon,tiger,katze,elefant,chamaeleon,ross,wurm,schnecke,assel,kuh,sau,vogel,elster,schwalbe,eule,marder,iltis,hyaene,fuchs,wolf,baer,strauss,eisbaer,affe,orangutan,bison,iltis,ibis,papagei,giraffe,nashorn,nilpferd,faultier,heuschrecke,schlange,blindschleiche,,,,,,,,,,,,,,,,,,,,,,,,,,,,,,,,,,,,,,,,,,,,,,,,,
jqa4t,,hund,katze,maus,elefant,giraffe,tiger,loewe,dromedar,katze,hund ,seeloewe,loewe,affe,voegel,kiebitz,schlangen,haustier,wildtier,tiger,kormoran,waran,krokodil,gnu,elefant,giraffe,pavian,wal,hai ,hecht,fisch,egli,kamel,zebra,bison,yak,braunbaer,eisbaer,adler,amsel,star,meise,kolibri,maus,ratte,bisamratte,nerz,mungo,waran,otter,bisamratte,schmetterling,raupe,frosch,storch,kaenguru,,,,,,,,,,,,,,,,,,,,,,,,,,,,,,,,,
k1d8d,,saeugetiere,amphibien,bakterien,rehe,hirsche,wildsaeue,walfische,giraffen,elefanten,murmeltiere,luchse,woelfe,baeren,voegel,elstern,adler,spatzen,amseln,drosseln,meisen,fische,haifische,lachse,forellen,crevetten,tintenfische,katze,hund ,hamster,maus,ratte,schnecken,aale,panther,jaguar,wapiti,elch,kuh,ziege,schaf,huehner,gaense,enten,schwaene,pelikane,stoerche,fasane,graureiher,pfauen,antilopen,bison,schnepfe,ibis,rebhuhn,perlhuhn,moschusochse,,,,,,,,,,,,,,,,,,,,,,,,,,,,,,,,
knrlg,,hase,reh,tiger,fisch,murmeltier,steinbock,gemse,hirschkuh,kuh,pferd,ziege,schaf,hund,katze,hamster,ente,gans,storch,reiher,aasgeier,adler,giraffe,loewe,rhinozeros,flusspferd,schimpanse,gorilla,orangutan,katta,tigeraffe,puma,leopard,gazelle,kudu,antilope,elefant,nashorn,kakadu,papagei,delfin,wal,wellensittich,kanarienvogel,kraehe,elster,eichelhaeher,amsel,spatz,schildkroete,alligator,klapperschlange,erdhoernchen,spinne,muecke,kaefer,blindschleiche,biber,flussratte,otter,eisvogel,ameise,frettchen,,,,,,,,,,,,,,,,,,,,,,,,,,
kt6bm,,hund,katze,krokodil,biene,spinne,wespe,marder,delfin,haifisch,kuh,schwein,pferd,esel,salamander,eidechse,baer,schaf,ziege,spinne,wespe,biene,schmetterling,raupe,wurm,seepferd,wal,frettchen,wolf,fuchs,meerschweinchen,degu,maus,ratte,schlange,papagei,vogel,taube,moewe,laus,kakerlake,rentier,hirsch,seehund,zebra,giraffe,,,,,,,,,,,,,,,,,,,,,,,,,,,,,,,,,,,,,,,,,,,
kwthz,,hunde,katze,voegel,tiger,loewe,seebaer,walfische,quallen,ameisen,schildkroeten,baeren,bienen,wespen,krebse,muscheln,faultier,kaenguru,kalb,kuh,rind,schwein,,,,,,,,,,,,,,,,,,,,,,,,,,,,,,,,,,,,,,,,,,,,,,,,,,,,,,,,,,,,,,,,,,,
kzkzc,,hund,katze,kaninchen,huhn,elefant,zebra,giraffe,gnu,loewe,tiger,puma,schlange,pferd,esel,krokodil,piranha,hai,maus,ratte,truthahn,gans,ente,geiss,schaf,springbock,murmeltier,affe,orangutan,pavian,schimpanse,schlange,kobra,boa constrictor,wal,salm,lachs,thunfisch,schwein,minipig,hirsch,reh,antilope,ruesseltier,erdhoernchen,flamingo,kuckuck,streifenhoernchen,,,,,,,,,,,,,,,,,,,,,,,,,,,,,,,,,,,,,,,,,
l7989,,vogel,kuehe,pferde,loewen,affen,elefanten,fische,giraffen,kaninchen,maeuse,schnecken,wuermer,kaefer,floehe,wepsen,bienen,hornissen,fliegen,muecken,ziegen,schafe,steinboecke,rehe,wiesel,marder,luchse,baeren,eisbaeren,pinguine,kormorane,maeusebussarde,milane,storch,katze,meerschweinchen,kaninchen,hasen,maeuse ,kamele,,,,,,,,,,,,,,,,,,,,,,,,,,,,,,,,,,,,,,,,,,,,,,,,,
lj0cp,,loewe ,giraffe,kaenguru,hund ,panther,gepard,schnecke,nacktschnecke,weinbergschnecke,tiger,wolf,luchs,reh,gemse,hirsch,hirschkuh,rehkitz,giraffenbaby,huhn,hahn,huehnchen,zebrababy,nashorn,nilpferd,rhinozeros,elefant,indischer elefant,elefantenzahn,maus,ratte,muecke,fliege,eintagesfliege,adler,meise,zaunkoenig,taube,mauersegler,schwalbe,elster,schwan,storch,eichelhaeher,fisch,blauwal,hai,grillen,labrador,schaefer,schaf,lamm,ziege,kalb,kuh,stier,bueffel,bison,pinguin,koenigspinguin,goldfisch,piranha,pelikan,chamaeleon,esel,,,,,,,,,,,,,,,,,,,,,,,,
lkt4j,,hund,katze,maus,degu,pferd,kuh,geier,adler,amsel,drossel,fink,star,maeuserich,blindschleiche,antilope,zebra ,gepard,loewe,elefant,krokodil,nilpferd,gepard,kakapo,papagei,kolibri,pinguin,eisbaer,fuchs,hase,reh,hirsch,biber,fisch,lachs,forelle,haifisch,delfin,wal,qualle,aal,seepferdchen,seestern,seegurke,steinfisch,ameise,spinne,tausendfuessler,heuschrecke,assel,ohrwurm,panda,koalabaer,,,,,,,,,,,,,,,,,,,,,,,,,,,,,,,,,,,,
lrjys,,affe,elefant,tiger,gibbon,zebra,wildesel,pinguin,huhn,leopard,gepard,boa constrictor, python,eidechse,waran,goldfisch,hecht,hai,schildkroete,leopard,giraffe ,esel,ziege,kuh,schwein ,enten,wildhunde,schneeleopard,nashorn,gecko,muraene,ammenhai,weisser hai,blauwal,ameise,wespen,bienen,hummeln,grillen,hornissen,schaf,,,,,,,,,,,,,,,,,,,,,,,,,,,,,,,,,,,,,,,,,,,,,,,,
ltyf2,,hund,katze,maus,esel,schwein,huhn,vogel,pferd,kaenguru,wallaby,zebra,elefant,loewe,degu,ratte,schnabeltier,baer,wolf,reh,hase,seeotter,pfau,ameise,regenwurm,biene,waschbear,fliege,spinne,schlange,schmetterling,marienkaefer,affe,gemse,antilope,gnu ,krokodil,alligator,,,,,,,,,,,,,,,,,,,,,,,,,,,,,,,,,,,,,,,,,,,,,,,,,,,
ltzmu,,affe,hund,tiger,ente,maus,zebra,kamel,schlange,igel,hase,katze,pferd,esel,dromedar,nashorn,gepard,puma,kaefer,laus,fliege,wal,otter,karpfen,forelle,fisch,zander,lachs,scholle,muschel,seeigel,krebs,hummer,sperber,wellensittich,rotkehlchen,taube,adler,milan,hyaene,loewe,bussard,maulwurf,luchs,otter,dachs,affe,orangutan,schimpanse,wurm,wels,,,,,,,,,,,,,,,,,,,,,,,,,,,,,,,,,,,,,,
lya1e,,hund,katze,maus,wellensittich,rotschwaenzchen,amsel,meerschwein,kaninchen,hase,eichhoernchen,fuchs,marder,dachs,hirsch,reh,steinbock,gemse,biber,wiesel,kuh,schaf,geiss,lama,dromedar,elefant,kamel,loewe,tiger,zebra,gnu,nashorn,erdmaennchen,gepard,puma,luchs,wal,delfin,goldfisch,forelle,lachs,eisbaer,braunbaer,pandabaer,koalabaer,,,,,,,,,,,,,,,,,,,,,,,,,,,,,,,,,,,,,,,,,,,,
m0095,,pferd,hase,fisch,kamel,kaenguru,esel,affe,tiger,elefant,schlange,kroete,krokodil,vogel,ameise,reptil,nashorn,giraffe,zebra,huhn,kolibri,nashorn,kamel,ziege,hirsch,taube,fink,amsel,drossel,star,schlange,storch,schwalbe,phoenix,kranich,kolibri,esel,ziegenbock,hahn,henne,ente,strauss,seestern,seepferd,adler,maus,ratte,drache,dinosaurier,flamingo,storch,delfin,wal,walross,haifisch,forellen,hecht,barsch,eglifilet,seeteufel,oktopus,kuh,stier,rind,kalb,sau,fohlen,huehner,,,,,,,,,,,,,,,,,,,,,
mjf5t,,elefant,ameise,hund,katze,tiger,loewe,affe,gorilla,fisch,amoebe,krokodil,giraffe,fuchs,fledermaus,falke,maus,puma,luchs,rhinozeros,nashorn,libelle,adler,delfin,wal,assel,spinne,gecko,bussard,milan,schimpanse,gibbon,meerschweinchen,hase,kaninchen,papagei,drossel,amsel,spatz,lurch,frosch,loewe,,,,,,,,,,,,,,,,,,,,,,,,,,,,,,,,,,,,,,,,,,,,,,,
mjxiu,,huhn,kuh,ochse,esel,pferd,hund,katze,spinne,vogel,ameise,kaefer,schmetterling,wurm,schlange,pony,auerochse,stier,fledermaus,wachtel,fasan,meise,amsel,drossel,fink,star,ameisenbaer,maulwurf,maus,ratte,kobra,natter,brillenschlange,blindschleiche,eidechse,haifisch,wal,lachs,salm,forelle,tintenfisch,krabbe,hering,barrakuda,feuerfisch,fliegender fisch,buckelwal,narwal,blauwal,killerwal,delfin,muschel,seestern,auster,hummel,wespe,nachtfalter,biene,,,,,,,,,,,,,,,,,,,,,,,,,,,,,,,
n4vnl,,zoo,loewe,maus,katze,affe,elefant,rhinozeros,tierpfleger,futter,schwein,kuh,hase,antilope,alligator,pferd,hund,adler,seebaer,polarbaer,graubaer,schwarzbaer,grizzlybaer,ameisenbaer,giraffe,spinne,fisch,otter,fischotter,ente,gans,schwan,wal,delfin,papagei,amsel,drossel,fink,schlange,ratte,schildkroete,dinosaurier,bakterie,tiger,biber,bisamratte,nerz,robbe,elch,hirsch,reh,wasserbueffel,bison,kojote,puma,luchs,graureiher,storch,krokodil,hyaene,,,,,,,,,,,,,,,,,,,,,,,,,,,,,
nbklx,,hund,katze,maus,ratte,amsel,vogel,fink,star,taube,kellerassel,spinne,gaensesaeger,kormoran,graureiher,storch,pferd,kuh,kalb,ochse,schwein,bueffel,kamel,dromedar,drosophila,zecke,wildschwein,stabheuschrecke,rosenkaefer,schaben,schuppenkaefer,periplaneta,schaf,elefant,giraffe,loewe,tiger,schnecke,,,,,,,,,,,,,,,,,,,,,,,,,,,,,,,,,,,,,,,,,,,,,,,,,,,
nq39j,,hund,katze,maus,ratte,igel,rentier ,tiger,loewe,antilope,affe,orangutan,gorilla,schimpanse,klammeraffe,nasenaffe,schlange,heuschrecke,muecke,biene,hummel,fliege,wurm,salamander,lurch,elefant,antilope,eisbaer,kragenbaer,eichhoernchen,vogel,amsel,drossel,fink,star,goldbruestchen,lerche,ameise,kaenguru,seeloewe,wal,fische,pottwal,buckelwal,erdmaennchen,stachelschwein,rabe,kohlrabe,nashorn,elch,zebra,bueffel,wasserbueffel,esel,,,,,,,,,,,,,,,,,,,,,,,,,,,,,,,,,,,
nsa0l,,affe,elefant,loewe,tiger,schlange,hund,katze,vogel,ameise,leguan,fisch,saeugetiere,voegel,spinne,krebse,salamander,schneeleoparde,panda,kaenguru,pinguin,baeren,papagei,kanarienvogel,maeusebussard,seeadler,bartgeier,rotkehlchen,blaumeise,spatz,braunbaer,brillenbaer,nasenbaer,katzen,luchs,loewe,panther,puma,tiger,antilope,krokodil,,,,,,,,,,,,,,,,,,,,,,,,,,,,,,,,,,,,,,,,,,,,,,,,
nyqxv,,affe,elefanten,voegel,schlange,fisch,eidechse,schaf,kuehe,ross,esel,maultier,schaf,lamm,geisse,ziege,papageien,voegel,meisen,igel,schildkroete,schlangen,giftschlangen,viper,otter,specht,meise,spatz,taube,rabe,giraffe,grautier,zebra,flamingo,nashorn,tiger,loewe,wildhund,hyaene,ameise,biene,hornisse,fliege,muecke,stechmuecke,moskitos,regenwurm,orangutan,geier,bartgeier,hirsch,reh,steinbock,aasgeier,bartgeier,murmeltier,esel,maulesel,ross,pferd,,,,,,,,,,,,,,,,,,,,,,,,,,,,,
o4p01,,hund,katze,maus,kamel,elefant,tiger,eisvogel,adler,amsel,drossel,fink,star,elster,panda,gepard,jaguar,dachs,reh,hirsch,fuchs,wiesel,hase,pferd,esel,zebra,vogel strauss,emu,lama,kondor,eisbaer,pinguin,wal,haifisch,goldfisch,wels,forelle,frosch,floh ,kaefer,ameise ,borkenkaefer,hirschkaefer,termite,muecke,fliege,schnecke,weinbergschnecke,rote schnecke,schwarze schnecke,rotbruestchen,rotschwaenzchen,huhn,hahn,ente,gans,truthahn,loewe,tiger,,,,,,,,,,,,,,,,,,,,,,,,,,,,,,
o144u,,schlange,regenwurm,elefant,tiger,loewe,baer,delfin,papagei,kamel,giraffe,nashorn,zebra,gnu,chamaeleon,eidechse,kaenguru,hyaene,leopard,gepard,katze,hund,maus,ratte,baer,igel,ratte,puma,fisch,hyaene,gepard,forelle,lachs,hai,wal,rochen,flughund,fledermaus,schildkroete,walross,seehund,schlange,otter,biber,,,,,,,,,,,,,,,,,,,,,,,,,,,,,,,,,,,,,,,,,,,,,
oivkl,,hund,katze,maus,delfin,walfisch,haifisch,hamster,vogelspinne,schnecken,wuermer,kaefer,drossel,adler,kraehe,kuh,schaf,kaninchen,wolf,baer,loewe,giraffe,elefant,affe,tintenfisch,walfisch,krokodil,schlangen,skorpione,eidechsen,papageien,faultier,zebra,flusspferd,hyaene,wolf,stier,steinbock,widder,murmeltier,fliegen,bienen,wespe,hummel,libelle,frosch,storch,rabe,elster,spatz,uhu,mauesebussard,milan,falke,,,,,,,,,,,,,,,,,,,,,,,,,,,,,,,,,,,
ojsw9,,hase,hund,katze,loewe,nashorn,zoo,elefant,vogel,hamster,pferd,kuh,schaf,schwein,huhn,gockel,giraffe,antilope,okapi,fisch,delfin,papagei,esel,maulwurf,erdmaennchen,igel,stachelschwein,gnu,bueffel,maus,echse,schlange,kaefer,ameise,raupe,engerling,eule,nashorn,kakadu,kaenguru,wombat,affe,faultier,baer,luchs,panther,spinne,frosch,biber,ratte,meerschweinchen,geiss,steinbock,stier,fuchs,reh,hirsch,eichhoernchen,wal,,,,,,,,,,,,,,,,,,,,,,,,,,,,,,
olcpz,,amsel,drossel,fink,storch,schwan,schwertwal,delfin,haifisch,katze,maus,hund,pferd,kuh,schwein,ziege,schaf,tiger,antilope,jaguar,nasenbaer,grizzlybaer,elefant,giraffe,zebra,loewe,vogel strauss,emu,kaenguru,koalabaer,tapir,wolf,forelle,spatz,taube,pinguin,eisbaer,narwal,flamingo,sepia,qualle,koralle,,,,,,,,,,,,,,,,,,,,,,,,,,,,,,,,,,,,,,,,,,,,,,,
opcg6,,elefant,affe,schlange,frosch,loewe,gazelle,zebra,wasserbueffel,giraffe,gepard,leopard,tiger,nashorn,waran,braunbaer,schwarzbaer,schneeleopard,steinbock,murmeltier,marder,wiesel,siebenschlaefer,meerschweinchen,hamster,kaninchen,feldhase,wildschwein,reh,rentier,karibu,puma,bueffel,kuh,pferd,esel,katze,hund,,,,,,,,,,,,,,,,,,,,,,,,,,,,,,,,,,,,,,,,,,,,,,,,,,,
opl8a,,fuchs,schlange,spinne,giraffe,hund,krokodil,leopard ,loewe,kaninchen,hamster,katze,meerschweinchen,wildschwein,schwein,reh,eidechse,fuchs,schildkroete,wal,zwergkaninchen,adler,moewe,taube,delfine,robbe,schaf,kuh,truthahn,ente,elefant,schnecke,kakerlake,ameisen,raupe,wattwuermer,wuermer,,,,,,,,,,,,,,,,,,,,,,,,,,,,,,,,,,,,,,,,,,,,,,,,,,,,
paa9k,,hund,katze,elefant,nashorn,tiger,loewe,hyaene,igel,vogel,amsel,drossel,fink,meise,adler,wurm,pferd,kuh,schwein,hahn,henne,emu,strauss,krokodil,schlange,leguan,eidechse,baer,wolf,widder,reh,hirsch,fisch,delfin,wal,thunfisch,picassofisch,pinguin,eisbaer,schneeleopard,hase,schneehase,feldhase,wildschwein,fliege,muecke,biene,wespe,hornisse,marder,dachs,elster,kraehe,eichhoernchen,braunbaer,fuchs,dachs,,,,,,,,,,,,,,,,,,,,,,,,,,,,,,,,
pi7ny,,hund,katze,maus,regenwurm,maulwurf,schlange,biber,tiger,elefant,ratte,krokodil,schwan,ente,fisch,loewe,fasan,sperber,geier,moewe,wal,hai,milan,muecke,ameise,schmetterling,kaefer,pinguin,eisbaer,schwalbe,fliege,wespe,biene,hornisse,fuchs,reh,wildschwein,hausschwein,rind,kuh,stier,schaf,ziege,truthahn,robbe,qualle,mammut,,,,,,,,,,,,,,,,,,,,,,,,,,,,,,,,,,,,,,,,,,
pzgm3,,insekten,schlangen,fische,amphibien,froesche,saeugetiere,affe,elefant,maus,ratte,kobra,ringelnatter,kreuzotter,laubfrosch,grasfrosch,seefrosch,quastenflosser,fische,huhn,voegel,kraehe,adler,uhu,eule,regenwurm,fliege,schmetterlinge,fische,barbe,nase,wal,delfin,mensch,rhinozeros,bueffel,gnu,elch,rothirsch,dammhirsch,fuchs,dachs,ringelnatter,rotkehlchen,blaumeise,kohlmeise,schwanzmeise,beutelmeise,blaukehlchen,saatkraehe,rabenkraehe,nebelkraehe,rabe,reh,wildschwein,nelkeneule,taubenschwaenzchen,eulenfalter,spinne,spanner,schwaermer,nachtkerzenschwaermer,weinschwaermer,ligusterschwaermer,,,,,,,,,,,,,,,,,,,,,,,,,
qi9ld,,pferd,hund,katze,affe,maus,kuh,vogel,zebra,elefant,robbe,ameise,grille,biene,hummel,wespe,schmetterling,fuchs,hase,dachs,reh,rentier,yak,fliege,ameisenbaer,kaenguru,guerteltier,gnu,gazelle,huhn,chamaeleon,fisch,igel,iltis,jaguar,,,,,,,,,,,,,,,,,,,,,,,,,,,,,,,,,,,,,,,,,,,,,,,,,,,,,,
qzt5d,,elefanten,zebras,giraffen,hasen,katzen,kuehe,kaelber,pferde,huehner,voegel,schlangen,maeuse,ratten,fische,schweine,zebras,loewen,baeren,affen,giraffen,kaengurus,stoerche,flamingos,schnecken,schlangen,maeuse,pferde,schweine,hunde,stoerche,schwalben,spatzen,meerschweinchen,elefanten,katzen,loewe,schmetterlinge,tauben,stoerche,kuehe,hasen,schweine,wildschweine,kaenguru,maeuse,fische,stoerche,wildhasen,,,,,,,,,,,,,,,,,,,,,,,,,,,,,,,,,,,,,,,,
r7ey3,,hund,katze,maus,siebenschlaefer,hamster,kuh,schaf,auerochse,zebra,giraffe,puma,leopard,gepard,loewe,tiger,elefant,antilope,erdmaennchen,blauwal,buckelwal,orka,delfin,weisser hai,tigerhai,hammerhai,goldfisch,zander,forelle,egli,anakonda,kaenguru,krokodil,kamel,andromedar,kleiber,amsel,drossel,fink,star,storch,adler,fasan,bussard,huhn,pute,truthahn,robbe,walross,pinguin,lama,ozelot,clownfisch,nachtigall,eule,uhu,schneeeule,schleiereule,rotmilan,murmeltier,steinbock,,,,,,,,,,,,,,,,,,,,,,,,,,,,
r48az,,pferd,elefant,gorilla,affe,schimpanse,hase,schaf,ziege,hund,katze,vogel,rind,kuh,nachtigall,schmetterling,libelle,fisch,karpfen,truthahn ,huhn,ente,schwan,adler,milan,gans,wolf,fuchs,dachs,iltis,zebu,giraffe,vogel strauss,delfin,seeloewe,wal,pelikan,narwal,eisbaer,braunbaer,grizzly ,biber,alligator,storch,graureiher,hirsch,gaemse,steinbock,,,,,,,,,,,,,,,,,,,,,,,,,,,,,,,,,,,,,,,,,
r464x,,loewe,elefant,tiger,affe,schildkroete,zebra,giraffe,fledermaus,baer,maus,regenwurm,fliege,fisch,delfin,moewe,taube,kanarienvogel,wellensittich,graupapagei,ameise,reh,hirsch,schwein,huhn,kuh,hund,katze,dachs,biber,schlange,krokodil,nashorn,puma,luchs,emu,strauss,lamm,schaf,pferd,esel,frosch,libelle,,,,,,,,,,,,,,,,,,,,,,,,,,,,,,,,,,,,,,,,,,,,,,
rdalr,,elefant,ameise,tiger,loewe,ente,vogel,meise,insekten,sauegetiere,schmetterling,raupe,giraffe,zebra,pferd,kuh,katze,hund,fisch,schildkroete,schnecke,frosch,amphibien,reptilien,eidechse,wespe ,biene,muecke,fliege,kaefer,wurm,storch,jaguar,leopard,gazelle,hirsch,reh,gemse,steinbock,murmeltier,hase,moewe,ziege,schaf,schimpanse,gorilla,orangutan,nilpferd,nashorn,heuschrecke,libelle,,,,,,,,,,,,,,,,,,,,,,,,,,,,,,,,,,,,,,
rdrfp,,hund,katze,maus,elefant,schwein,kuh,hahn ,huhn,ente,gans,elefant,giraffe,nashorn,tiger,loewe,antilope,hyaene,wal,delfin,hai,schildkroete,krebs,hummer,languste,krabbe,spatz,meerschweinchen,hamster,hase,esel,ochse,affe,schlange,spinne,kaefer,wurm,maulwurf,biber,ratte,bison,zebra,nilpferd,krokodil,kaenguru,frosch,schmetterling,vogel,storch,chamaeleon,,,,,,,,,,,,,,,,,,,,,,,,,,,,,,,,,,,,,,,
rf9p6,check native language,hund,katze,maus,vogel,walross,reptil,frosch,kroete,eidechse,fisch,lurch,spinne,schlange,spatz,meise,eichhoernchen,kuh,rind,ochsen,stier,kaulquappe,octopus,orca,hai,specht,taube,nashorn,elefant ,krokodil,alligator,giraffe,eisbaer,braunbaer,grizzly,riesenpanda,waschbaer,dachs,fuchs,otter,natter ,blindschleiche,hecht,karpfen,nachtfalter,flughund,sommervogel,raupe,maikaefer,junikaefer,ameise,,,,,,,,,,,,,,,,,,,,,,,,,,,,,,,,,,,,,,
rpgbj,,hunde,katzen,loewen,tiger,schnecken,voegel,kuehe,pferde,kaelber,schweine,esel,zebras,schlangen,maeuse ,ratten,dachs,fuchs,hirsch,reh,wal,dorsch,makrele,hai,schildkroete,regenwurm,maulwurf,adler,storch,milan,maultier,wildschwein,uhu,wolf,schaf,geiss ,pinguin,spatz,rabe,taube,,,,,,,,,,,,,,,,,,,,,,,,,,,,,,,,,,,,,,,,,,,,,,,,,
rpjw2,,loewe,zebra,antilope,fuchs,reh,hirsch,hamster,flusspferd,seehund,vogel,reiher,storch,fisch,krokodil,echse,ratte,kaenguru,strauss,dingo,hund,katze,pferd,schwein,wildschwein,kuehe,rinder,chamaeleon,eichhoernchen,gaemse,murmeltier,schnecke,libelle,kaefer,schmetterling,dachs,marder,schlange ,nashorn,flamingo,pelikan,kormoran,elefant,leopard,gepard,affe,rentier,,,,,,,,,,,,,,,,,,,,,,,,,,,,,,,,,,,,,,,,,,
rsitg,,hund,katze,maus,elefant,giraffe,esel,pferd,vogel,affe,hamster ,eisbaer ,zebra ,gepard,loewe,nilpferd,nashorn,bueffel,pinguin,eichhoernchen,storch,spinne,braunbaer,tapir,geissbock,schaf,huhn,ameise,wurm,fisch,rabe,fischotter,meerschweinchen,kaninchen,walfisch,hai ,schlange,igel,frettchen,,,,,,,,,,,,,,,,,,,,,,,,,,,,,,,,,,,,,,,,,,,,,,,,,,
rxe83,,hund,katze,fisch,pferd,schlange,bartagame,spinne,frosch,kroete,dackel,vogel,amsel,reh,wild,ameise ,fliege,schmetterling ,raupe,milbe,zecke ,kuh,huehner,loewe,tiger,puma,panther,zebra,giraffe ,nilpferd,stachelschwein,stinktier,erdmaennchen,biene ,wespe ,hornisse ,heuschrecke,fisch,flamingo,maultier,maulwurf,seepferdchen,robbe,antilope,adler,affe,eule,uhu,katze,meerschweinchen,hamster,rennmaus,schildkroete,,,,,,,,,,,,,,,,,,,,,,,,,,,,,,,,,,,,
s2ik6,,katze,hund,esel,schwan,hahn,biene,hund,schwein,kalb,rind,schlange,igel,eidechse,fisch,hai,wal,dachs,dackel,hamster,ratte,krokodil,kaenguru,lachs,vogel,schwan,zebra,tiger,loewe,nashorn,krebs,skorpion,ameise,baer,seeloewe,waschbaer,panda,maus,luchs,,,,,,,,,,,,,,,,,,,,,,,,,,,,,,,,,,,,,,,,,,,,,,,,,,
sadiq,,katze,maus,kamel,giraffe,elefant,loewe,schlange,eidechse,reh,hirsch,hase,steinbock,hund,vogel,fisch,schwan,ente,ratte,wiesel,fuchs,dachs,salamander,frosch,waran,seeloewe,pinguin,wolf,schaf,kaenguru,koalabaer,krokodil,flamingo,moewe,kranich,storch,truthahn,eisbaer,papagei,,,,,,,,,,,,,,,,,,,,,,,,,,,,,,,,,,,,,,,,,,,,,,,,,,
sxgux,,hamster,hund,katze,fisch,tintenfisch,delfin,krebs,faultier,opposum,okapi,affe,baer,brillenbaer,eisbaer,braunbaer,grizzly,dachs,esel,pferd,zebra,giraffe,elefant,molch,rochen,pinguin,maus,ratte,chinchilla,hase,tiger,loewe,floh,spinne,marienkaefer,wespe ,biene,hornisse,motte,bartagame,leguan,katze,yak,zebra,flamingo,voegel,specht,uhu,eichhoernchen,milbe,siebenschlaefer,wal,hai,schmetterling,raupe,spatz,,,,,,,,,,,,,,,,,,,,,,,,,,,,,,,,,
t4p2a,,katze,hund,pferd,wolf,hirsch,giraffe,elefant,baer,seehund,fisch,muschel,schildkroete,delfin,vogel,adler,geier,hase,maus,ratte,muecke,fliege,kaefer,wurm,loewe,tiger,gepard,wellensittich,lama,alpakas,dromedare,marder,wiesel,eichhoernchen,specht,ameise,nashorn,krokodil,flusspferd,esel,gnu,zebra,seehund,robbe,seeloewe,otter,schwan,ente,schnecke,panther,,,,,,,,,,,,,,,,,,,,,,,,,,,,,,,,,,,,,,,
t8leg,,hund,katze,maus,elefant,tiger,loewe,pelikan,frosch,gans,ente,huhn,delfin,wal,moewe,nashorn,giraffe,dromedar,lama,impala,chamaeleon,fliege,ameise,biene,wespe,schlange,eidechse,otter,biber,murmeltier,hirsch,reh,gemse,steinadler,milan,blaumeise,spatz,elster,goldfisch,qualle,tintenfisch,muschel,eisbaer,pinguin,hai,rochen,hamster,eichhoernchen,pfau,fuchs,wolf,,,,,,,,,,,,,,,,,,,,,,,,,,,,,,,,,,,,,,
tetwh,,reh,hase,kuh,kamel,affe,esel,walfisch,nashorn,breitnashorn,spitznashorn,zebra,okapi,igel,kalb,ross,fohlen,esel,maultier,hahn,henne,gockel,ente,schwan,erpel,adler,reiher,amsel,spatz,star,fink,meise,regenwurm,bandwurm,made,eglifisch,forelle,bachforelle,hecht,aal,seeloewe,pinguin,polarfuchs,seebaer,eisbaer,braunbaer,lachs,seeadler,wiedehopf,buntspecht,baumspecht,eisvogel,bison,bueffel,schmetterling,raupe,kohlweissling,pfauenauge,seeschwalbe,rauchschwalbe,stare,star,schwein,eber,wildsau,hirsch,hund,katze,eichhoernchen,stinktier,biber,,,,,,,,,,,,,,,,,,
tgvti,,elefant,vogel,spinne,schlange,reptil,katze,hund,dachs,panther,tiger,loewe,gepard,leopard,insekten,nashorn,okapi,schimpanse,orangutan,gorilla,affe,hase,kaninchen,echse,lurch,tapir,otter,biber,biene,fell,pfote,streifen,muster,gans,ente,ameise,meise,amsel,drossel,fink,star,storch,hahn,huhn,steinbock,ibis,pelikan,braunbaer,baer,ameisenbaer,pfau,jaguar,,,,,,,,,,,,,,,,,,,,,,,,,,,,,,,,,,,,,
tkvo8,,hund,katze,schlange,eichhoernchen,nashorn,loewe,vogel,adler,ratte ,maus,insekten,igel,reh,hirsch,tiger,pferd,zebra,leopard,puma,maulwurf,baer,wale,haie,barrakuda,thunfisch,eidechsen,froesche,,,,,,,,,,,,,,,,,,,,,,,,,,,,,,,,,,,,,,,,,,,,,,,,,,,,,,,,,,,,,
tozmj,,elefant,eisbaer,braunbaer,baer,giraffe,ameise ,katze,hund,meerschweinchen,schwein,rind,hahn,wal,delfin,blauwal,pottwal,schwerthai,fisch,kugelfisch,adler,spatz,tiger,panther,elefant,schlange,esel,seeloewe,orangutan,gorilla,menschenaffe,habicht,rabe,regenwurm,ameise,,,,,,,,,,,,,,,,,,,,,,,,,,,,,,,,,,,,,,,,,,,,,,,,,,,,,,
u5ou5,,katze,maus,ratte,vogel,hund,loewe,tiger,affe,zebra,baer,schlange,krokodil,haifisch,igel,hase,reh,hirsch,wildsau,elefant,zebra ,pelikan,esel ,ross ,kamel,bison,nashorn,nilpferd,papagei,amsel,kraehe,wellensittich,geiss,schaf,wolf,fuchs,ameise,fliege,biene,waschbaer,ameise,schildkroete,huhn,,,,,,,,,,,,,,,,,,,,,,,,,,,,,,,,,,,,,,,,,,,,,,
u5y46,task aborted by participant after 1 minute,spinne,ross,maus,hund,katze,neandertaler,vogel,walross,loewe,tiger,seepferdchen,antilope,springfrosch,laubfrosch,schlange,,,,,,,,,,,,,,,,,,,,,,,,,,,,,,,,,,,,,,,,,,,,,,,,,,,,,,,,,,,,,,,,,,,,,,,,,
udav0,,esel,hund,katze,pferd,fisch,vogel,kleiber,specht,wiedehopf,rotbruestchen,rotschwaenzchen,bachstelze,uhu,nachtigall,buntspecht,gruenspecht,kleinspecht,schwarzspecht,amsel,drossel,fink,star,sau,kuh,muecke,fliege,wanze,forelle,hecht,delfin,stoer ,lachs,hai ,wal ,tiger,loewe,geparden,krokodil,gnus,erdmaennchen,schlange,kobras,pythons,vipern,nattern,otter,fischotter,biber,baer,schwarzbaer,kragenbaer,grizzly,puma,schneeleopard,ibis,froesche,blue jeans frosch,erdbeerfrosch,rotaugenlaubfrosch,unke,kroete,klapperschlange,koenigspython,koenigskobra,speikobra,schmetterling,admiral,,,,,,,,,,,,,,,,,,,,,
uhv2o,check native language,leopard,loewe,schaf,kuh,pferd,kueken,ente,gans,truthahn,schwein,ziege,kamel,dromedar,kaenguru,pandabaer,braunbaer,eisbaer,hund,katze,maus,vogel,taube,affe,giraffe,jaguar,elefant,nilpferd,eichhoernchen,uhu,schwan,schwalbe,spatz,wildschwein,reh,hase,wolf,fuchs,pferd,esel,fasan,rabe,ratte,maus,maulwurf,marder,ameise,wurm,delfin,wal,hai,thun,lachs,,,,,,,,,,,,,,,,,,,,,,,,,,,,,,,,,,,,
uj8s2,,katze,hund,vogel,ameise,ameisenbaer,baer,waschbaer,elch,reh,hirsch,papagei,spinne,echse,qualle,haifisch,walfisch,delfin,schildkroete,clownfisch,aal,hummer,seeigel,seegurke,anemone,habicht,adler,drossel,amsel,spatz,star,rabe,kraehe,geier,specht,loewe,gazelle,emu,gnu ,bueffel ,bison,yak,krokodil,alligator,schlange,skorpion,schmetterling,nachtfalter,fledermaus,axolotl,eidechse,frosch,kaulquappe,blattlaus,marienkaefer,zecke,bettwanze,kakerlake,wellensittich,kroete,barsch,ente,gans,schwan,fink,,,,,,,,,,,,,,,,,,,,,,,,
uo69g,,loewen,katze,hund,tiger,insekten,maienkaefer,elefanten,blindschleiche,wuermer,eidechse,python,anakonda,kobra,schwarze mamba,grashuepfer,laeuse,ameise ,ameisenbaer,gnus,alligatoren,kaimane,schimpanse,orangutan,affe,makake,lemuren,totenkopfaeffchen,loewenaffen,schimpanse,oryxantilope,thomson gazelle,rothirsch,dammhirsch,reh,fuechse,hase,kaninchen,dachs,iltis,marder,sekretaer,steinadler,seeadler,weisskopfseeadler,geier,amsel,star,fink,pirol,meise,kohlmeise,blaumeise,gartenrotschwanz,rotbruestchen,zilpzalp,zaunkoenig,milan,sperber,turmfalke,wanderfalke,tuerkentaube,leopard,gepard,ozelot,tapir,giraffe,zebra,goldfisch,neonfisch,9999,barsch,weisser hai,tigerhai,blauhai,walhai,katzenhai,wels,aal,lachs,buntbarsch,kaiserfisch,blauwal,buckelwal,grauwal,narwal,tuemmler,delfin,beluga
v5z5f,,katze,esel,hund,pferd,nilpferd,giraffe,elefant,maus,hamster,schnecke ,hase,meerschweinchen,kaninchen,fisch,leopard,tiger,panther,nashorn,vogel,pinguin,pelikan,amsel,drossel,fink,star,spatz,pfau,storch,salamander,erdmaennchen,okapi,krokodil,haifisch,delfin,wal,blauwal,killerwal,krill,frosch,kroete,kaulquappe,fliege,biene,wespe,muecke,falter,schmetterling,schneider,marienkaefer,kaefer,hirschkaefer,fennek,windhund,ratte ,ente,gans,truthahn,hyaene,saebelzahntiger,schlange,python,anakonda,kobra,ringelnatter,blindschleiche,spitzmaus,heuschrecke,ameisenbaer,baer,pandabaer,brillenbaer,braunbaer,eisbaer,lachs,,,,,,,,,,,,,,
v8lcl,,hund,katze,maus,adler,fuchs,leopard,ente,giraffe,maus,ameise,ente,vogel,schwan,libelle,biene,spinne,wespe,bremse,qualle,delfin,fisch,goldfisch,zugvogel,antilope,strauss,nilpferd,nashorn,kuckuck,dachs,einhorn,tausendfuessler,papagei,schmetterling,taube,affe,baer,clownfisch,delfin,elefant,fledermaus,gans,raupe,wurm,hase,hamster,schildkroete,,,,,,,,,,,,,,,,,,,,,,,,,,,,,,,,,,,,,,,,,,
vdg3m,,hund,katze,maus,pferd,tiger,ente,loewe,ameise,spinne,marder,hirsch,reh,gemse,steinbock,biber,leopard,panda,schlange,kuh,auerochse,gazelle,zebra ,esel,meise,amsel,drossel,fink,star,falke,habicht,eule,adler,schwalbe,mauersegler,storch,wal,hering,dorsch,barsch,egli,guppy,skalar,plati,zebraberbling,piranha,aal,schmetterling,biene,wespe,schnake,moskito,marienkaefer,maikaefer,assel,hummer,taschenkrebs,robbe,seehund,seeloewe,walross,pinguin,hering,makrele,qualle,koralle,goldfisch,karpfen,otter,maus,,,,,,,,,,,,,,,,,,,
vew3l,task aborted by participant after 2 minutes,hund,katze,maus,pferd,ameise,lemuren,zebu,kuh,schwein,fliege,biene,muecke,kaefer,vogel,wellensittich,adler,schlange,krokodil,fisch,forelle,karpfen,kabeljau,floh,pferd,pony,spatz,amsel,fink,star,huehner,kueken,hahn,schwein,,,,,,,,,,,,,,,,,,,,,,,,,,,,,,,,,,,,,,,,,,,,,,,,,,,,,,,
vjfcr,,hund,katze,schwein,tiger,ente,wurm,schmetterling,egli,forelle,hai,koralle,koala,kookaburra,pinguin,eisbaer,papageientaucher,tukan,fuchs,dachs,wolf,pekinese,dackel,schaeferhund,fliege,maus,maulwurf,eidechse,waran,leguan,iguan,natter,ottern,vipern,mambas,boa,anakonda,pudel,hausschwein,wildschwein,gemse,ziege,mufflon,bison,wisent,charolais,eiderente,graugans,flamingo,habicht,milan,piranha,barrakuda,storch,schwan,eiderente,loeffler,reiher,kronenkranich,kormoran,eisbaer,wiedehopf,rabe,elster,eichelhaeher,schwarzspecht,buntspecht,fledermauese,admiral,heimchen,ameisen,termiten,,,,,,,,,,,,,,,,,
vmlyc,,ross,hund,katze,sau,spinne,wespe,biene,maus,ratte,hund,raupe,schmetterling,wurm,schlange,schaf,geiss,fisch,qualle,delfin,wal,eichhoernchen,vogel,ameise,igel,reh,fuchs,wolf,baer,blutegel,tarantel,grashuepfer,kuh,gans,huhn,schwan,ente,storch,flamingo,papagei,kakadu,affe,gecko,chamaeleon,alligator,krokodil,wasserschlange,frosch,kroete,salamander,fliege,muecke,,,,,,,,,,,,,,,,,,,,,,,,,,,,,,,,,,,,,
vpmyf,,hund,katze,schwein,elefant,tiger,giraffe,fisch,vogel,kuh,ochse,affe,maulwurf,maus,hund ,tiger,koala,kaenguru,papagei,esel,steinbock,schaf,lamm,nashorn,adler,kraehe,wal,,,,,,,,,,,,,,,,,,,,,,,,,,,,,,,,,,,,,,,,,,,,,,,,,,,,,,,,,,,,,,
w5zs,,ameise,ameisenbaer,braunbaer,chamaeleon,dachs,elch,eichhoernchen,vogel,faultier,gans,guerteltier,elefant,giraffe,zebra,gepard,leopard,puma,loewe,tiger,schlange,ringelnatter,klapperschlange,boa,kaefer,pferd,kuh,bueffel,pelikan,flamingo,skorpion,kolibri,schwan,schwalbe,moewe,wal,hai,tintenfisch,seestern,seeigel,rochen,schildkroete,krokodil,alligator,spinne,tausendfuessler,mistkaefer,hund,katze,hamster,meersau,hase,geisse,schaf,lama,strauss,nilpferd,nashorn,,,,,,,,,,,,,,,,,,,,,,,,,,,,,,,
whkno,,ameise,loewe,tiger,schlange,fuchs,wolf,frosch,elefant,giraffe,spinne,moewe,taube,muecke,wespe,biene,gorilla,schimpanse,adler,falter,katze,hund,fisch,meerschweinchen,sau,kuehe,wal,goldfisch,forelle,lachs,thunfisch,hai,rabe,gepard,panther,eisbaer,baer,pinguin,schmetterling,igel,waschbaer,wolf,,,,,,,,,,,,,,,,,,,,,,,,,,,,,,,,,,,,,,,,,,,,,,,
whvwv,,hund,katze,vogel,maus,dachs,fuchs,elefant,giraffe,dachs,hirsch,reh,wiesel,hermelin,ozelot,leopard,gepard,okapi,gorilla,orangutan,schimpanse,fisch,wal,delfin,goldfisch,eisreiher,moewe,gans,schwan,eiderente,eidechse,wurm,schlange,natter,otter,viper,aspis,adler,geier,milan,rotmilan,maeusebussard,eichhoernchen,geissbock,ziege,schaf,kuehe,laus,floh,zecke,milbe,spinne,fliege,wespe,biene,hornisse,hummel,schmetterling,nachtfalter,motte,assel,wapitihirsch,elch,maus,murmeltier,steinbock,gemse,braeme,muecke,skorpion,,,,,,,,,,,,,,,,,,,
wjowk,,vogel,maus,katze,fliege,schildkroete,affe,tiger,gans,sau,fohlen,pferde,kaelber,kuehe,hunde,loewen,kamele,enten,gaense,tiger,pfauen,schweine,fische,forellen,moewen,amseln,drosseln,fink,stare,schnecken,libellen,ameisen,spinnen,fliegen,kaninchen,pferde,fohlen,muecken,elstern,schlangen,nattern,eidechsen,wuermer,hunde,welpen,saeue,huehner,fohlen,kaelber,nattern,pfauen,gaense,affen,,,,,,,,,,,,,,,,,,,,,,,,,,,,,,,,,,,,
x0ehw,,hund,katze,maus,pferd,elefant,tiger,loewe,gorilla,antilope,okapi,schlange,krokodil,fledermaus,eidechse,chamaeleon,hase,kaninchen,wolf,baer,eisbaer,luchs,panda,puma,gepard,leopard,ratte,affe,tiger,meerschweinchen,hamster,pinguin,fische,schildkroete,lama,kamel,dromedar,delfin,wal,otter,biber,bison,ochse,kuh,ziege,schaf,vogel,dinosaurier,,,,,,,,,,,,,,,,,,,,,,,,,,,,,,,,,,,,,,,,,
x9lh0,,loewe,tiger,leopard,gepard,hund,katze,vogel,wal,haifisch,giraffe,affe,elefant,kuh,schwein,ziege,schaf,reh,bueffel,rentier,baer,eichhoernchen,guanaco,lama,alpaka,nilpferd,zebra,pferd,esel,antilope,maus,ratte,spinne,ameise,ameisenbaer,pinguin,thunfisch,forelle,,,,,,,,,,,,,,,,,,,,,,,,,,,,,,,,,,,,,,,,,,,,,,,,,,,
x70sm,,hund,katze ,maus,krokodil,zebra,loewe,tiger,leopard,panther,nashorn,nilpferd,strauss,koalabaer,giraffe,kaenguru,antilope,amsel,drossel,fink,star,storch,schwalbe,meise,rabe,adler,pelikan,albatross,schmetterling,seepferd,barsch,dorsch,qualle,forelle,lachs,otter,seeotter,koenigspinguin,pferd,schimmel,esel,lama,krebs,schimpanse,gorilla,orangutan,schaeferhund,dackel,kapuzineraeffchen,grille,ameise,tintenfisch,wal,hai,delfin,muschel,koralle,,,,,,,,,,,,,,,,,,,,,,,,,,,,,,,,
x6994,,hund,katze,delfine,giraffen,affen ,voegel,krokodil,elefant,loewe,tiger,hase,meerschweinchen,maus,ratte,nilpferd,eisbaer,robben,fuchs,leopard,schildkroete,wal,luchs,pinguine,pferd,esel,lamm,schaf,schlange,,,,,,,,,,,,,,,,,,,,,,,,,,,,,,,,,,,,,,,,,,,,,,,,,,,,,,,,,,,,
xixjx,,hund,katze,vogel,pferd,kuh,elefant,ziege,huhn,schlange,giraffe,maul ,,,,,,,,,,,,,,,,,,,,,,,,,,,,,,,,,,,,,,,,,,,,,,,,,,,,,,,,,,,,,,,,,,,,,,,,,,,,,
xsi0e,,wildesel,lama,dromedar,frosch,spinne,biene,hummel,elefant,tiger,gepard,leopard,pandabaer,braunbaer,brillenbaer,eisbaer,kragenbaer,loewenkopfaeffchen,gorilla,orangutan,schimpanse,goldfisch,haifisch,barsch,schildkroete,pinguin,robbe,regenwurm,schnecke,somaliesel,giraffe,schlange,aal,muraene,tomatenfrosch,giftfrosch,laubfrosch,unke,kroete,fliege,tiger,wildkatze,puma,luchs,dackel,pinscher,schaeferhund,collie,katze,maus,ratte,hamster,meerschweinchen,geier,adler,wellensittich,papagei,tukan,nymphensittich,korallenfisch,qualle,piranha,flunder,hecht,walfisch,wuestenspringmaus,kondor,steinadler,maeusebussard,kohlmeise,blaumeise,buntspecht,kleiber,flamingo,storch,motte,zecke,nashorn,guerteltier,ameisenbaer,,,,,,,,,
xvnpv,,fuchs,hase,reh,hirsch,gemse,kuh,pferd,sau,huhn,hahn,ente,gans,kamel,giraffe,elefant,nashorn,emu,strauss,vogel,fisch,echse,schlange,pferd,esel,krokodil,chamaeleon,tiger,loewe,panther,maus,ratte,muecke,fliege,spinne,zecke,wildsau,schnecke,biene,wespe,faultier,kakadu,papagei,wellensittich,amsel,drossel,krebs,tintenfisch,crevette,amoebe,hund,katze,hamster,kakerlake,ziege,schaf,,,,,,,,,,,,,,,,,,,,,,,,,,,,,,,,,
xxzfw,,elefant,krokodil,dromedar,baer,hund,katze,schlange,ameise,waschbaer,adler,amsel,kolibri,schnecke,maulwurf,kroete,frosch,schwan,ente,karpfen,walfisch,delfin,forelle,storch,spatz,amsel,drossel,fink,star,schimpanse,gorilla,orangutan,totenkopfaeffchen,eisbaer,braunbaer,schwarzbaer,schlaftier,muecke,biene,wespe,hummel,klapperschlange,kobra,spinne,wolf,fuchs,reh,hirsch,schlaftier,marder,tiger,loewe,puma,panther,gepard,giraffe,antilope,alligator,schwertfisch,orka,weisser hai,tintenfisch,qualle,huhn,schaf,ziege,,,,,,,,,,,,,,,,,,,,,,,
xz00c,,hund,katze,meerschweinchen,kanarienvogel,uhu,ente,dachs,fuchs,luchs,rentier,reh,elefant,giraffe,nashorn,rhinozeros,panther,panda,tiger,affe,ameisenbaer,amsel,wal ,blauwal,narwal,delfin,hering,hecht,barsch,dorsch,lachs,papagei,zebra,chamaeleon,elch,schwein,pferd,kuh,kalb,huhn,chicken,hase,luchs,maus,marder,,,,,,,,,,,,,,,,,,,,,,,,,,,,,,,,,,,,,,,,,,,,
y6pi7,,panther,puma,loewe,affe,hund,katze,vogel,amsel,drossel,fink,star,elefant,rhinozeros,nashorn,fisch,pudel,dackel,iltis,wiesel,eichhoernchen,leopard,luchs,wisent,reh,hirsch,steinbock,gemse,meerschweinchen,ente,dackel,pudel,viper,schlange,maus,rennmaus,fisch,aal,taube,kraehe,rabe,adler,geier,lachs,baer,braunbaer,eisbaer,kragenbaer,brillenbaer,pinguin,,,,,,,,,,,,,,,,,,,,,,,,,,,,,,,,,,,,,,,
y6smm,,elefant,hund,katze,loewe,tiger,panther,schlange,eidechse,saeugetier,pony,zebra,gazelle,reh,hirsch,hase,adler,amsel,drossel,fink,star,geier,wale,salm,lachs,krebs,floehe,wels,luchs,baer,vielfrass,kaenguru,koala,panda,nashorn,giraffe,gemse,steinbock,mufflon,schaf,geisse,lama,guanacos,dromedar,,,,,,,,,,,,,,,,,,,,,,,,,,,,,,,,,,,,,,,,,,,,,
yhb2q,,haus,katze,maus,esel,kuh,vogel,star,kuckuck,elefant,tiger,loewe,gepard,leopard,zebra,gnu,krokodil,kaenguru,wal,hai,goldfisch,nemo,laus,ameise,ameisenbaer,affe,gorilla,schimpanse,pferd,esel,kamel,hirsch,schwein,panther,papagei,storch,adler,geier,maeusebussard,schlange,maulwurf,kaefer,spinne,delfin,tigerhai,weisser hai,blauhai,hochseehai,weissspitzenhai,grauspitzenhai,schwarzspitzenhai,barsch,forelle,hecht,steinfisch,krebs,muschel,giraffe,orangutan,pfau,,,,,,,,,,,,,,,,,,,,,,,,,,,,,
yi5hu,,katze,hund,pferd,schwein,tiger,loewe,zebra,giraffe,antilope,schlange,affe,nilpferd,nashorn,kaenguru,eisbaer,ameisenbaer,braunbaer,koalabaer,panda,esel,vogel,meerschweinchen,fisch,hamster,hase,gepard,leopard,kuh,huhn,elefant,,,,,,,,,,,,,,,,,,,,,,,,,,,,,,,,,,,,,,,,,,,,,,,,,,,,,,,,,,
ypd30,,hund,katze,maus,esel,elefant,nashorn,wildschwein,loewe,zebra,alligator,jaguar,tiger,vogel,ratte,schlange,eidechse,spinne,fisch,papagei,pferd,ameise,wuermer,tauben,koala,kaenguru,eichhoernchen,wal,delfin,hai,krebs,schwertfisch,lachs,hund,labrador,golden retriever,schaeferhund,rhodesian ridgeback,islandpferd,pony,hannoveraner,holsteiner,ziege,schaf,tiger,,,,,,,,,,,,,,,,,,,,,,,,,,,,,,,,,,,,,,,,,,,,
ys0pg,,vogel,tiger,taube,elefant,giraffe,hund,katze,maus,ratten,schlangen,krokodil,nashorn,schildkroete,eidechse,koalabaer,eisbaer,goldfisch,hai,wal,schwein,meerschweinchen,hamster,dachs,maulwurf,,,,,,,,,,,,,,,,,,,,,,,,,,,,,,,,,,,,,,,,,,,,,,,,,,,,,,,,,,,,,,,,
zj4pg,,katze,hund,giraffe,vogel,kuh,stier,schwein,rind,fisch,elefant,wolf,igel,fuchs,delfine,seehund,eisbaer,affe,kaenguru,huhn,ente,gans,schwan,eule,loewe,panther,leopard,gazelle,zebra,pinguin,,,,,,,,,,,,,,,,,,,,,,,,,,,,,,,,,,,,,,,,,,,,,,,,,,,,,,,,,,,
zwkcy,,elefant,pferd,kuh,katze,schlange,loewe,stier,hund,esel,fliege,raubtier,echse,libelle,kamel,kalb,huhn,pfau,fisch,vogel,schwan,storch,meerschwein,wildschwein,pinguin,ziege,schaf,reh,ren,hase,elch,steinbock,maus,eber,ratte,frosch,unke,molch,kanarienvogel,baer,zebra,nashorn,fliege,hornisse,hummel,,,,,,,,,,,,,,,,,,,,,,,,,,,,,,,,,,,,,,,,,,,,